policy,bucket,prompt,input_tokens,generated_tokens,prefill_delay_ms,decode_delay_ms,ttft_ms,decode_time_s,total_time_s,tokens_per_sec,ms_per_token,tbt_mean_ms,tbt_p50_ms,tbt_p90_ms,tbt_p95_ms,energy_prefill_j,energy_decode_j,energy_total_j,energy_per_token_mj,avg_power_w,edp,peak_mem_mb,throttle_level
default,medium,Initialization: Create an initial population of candidate solutions (often rando...,140,128,0.0,0.0,176.38489976525307,5.542166229337454,5.718654360622168,22.382887988718046,44.676987192360684,43.63858239270571,47.52146452665329,47.94624522328377,48.11517819762229,13.276227668769659,547.2888350922019,563.756062350057,4404.344237109821,99.1177192982456,3223.9260642853365,5458.50927734375,light
default,medium,Rewrite the documents above (Month 4 and Month 11) and label the months with the...,82,128,0.0,0.0,146.22024446725845,4.818322215229273,4.964614648371935,25.782464313111497,38.78605194040574,37.9389656751644,37.682048976421356,37.89941668510437,38.24608512222766,8.10409309316054,545.0907773120236,555.6838813729753,4341.28032322637,112.35408585858588,2758.7563373284456,5450.4814453125,light
default,long,You are a partner in a commercial team at a large global law firm based in the U...,662,128,0.0,0.0,388.4532041847706,4.950962696224451,5.339573830366135,23.971950583783396,41.71542054973543,38.98344661189815,37.625569850206375,37.74968534708023,37.87698931992054,33.42395699816197,567.6815007493981,603.7910129440613,4717.117288625479,113.42702816901408,3223.98669172637,5543.6357421875,light
default,short,write some code that removes whitespace in js,8,128,0.0,0.0,72.69204035401344,4.802963707596064,4.87571594491601,26.252554793202776,38.09153081965633,37.818085431583285,37.671253085136414,37.87925988435745,37.99119256436825,1.5467679834272712,532.4861757842638,535.5450502116922,4183.9457047788455,110.49095876288659,2611.165540537993,5441.69970703125,light
default,short,compile a list of all pokemon mentioned in any prompt above including the gym le...,46,128,0.0,0.0,91.09509736299515,4.882816229015589,4.973970539867878,25.7339682601739,38.8591448427178,38.446850928030614,37.51252591609955,37.73875832557678,38.08562159538269,3.494087661020458,571.2333729635739,576.5411677192376,4504.227872806544,116.5890101010101,2867.698783256513,5446.38427734375,light
default,medium,Write a story about a mother taking her toddler daughter to the bathroom after a...,94,128,0.0,0.0,200.56558027863503,4.800156116485596,5.000837028026581,25.595715133814522,39.06903928145766,37.79597263636551,37.73855045437813,38.00778165459633,38.15492317080498,11.196782907541841,538.8919139179177,552.1211457407007,4313.446451099225,111.06606030150753,2761.0678695765564,5452.5556640625,light
default,long,"Act as the prompt generator and I will give you the main keywords by: Product, F...",408,128,0.0,0.0,269.98867839574814,4.890957817435265,5.161132011562586,24.80076070777478,40.3213438403327,38.51096628336456,37.76005282998085,37.912245094776154,38.14324364066124,20.811985556036234,544.1604835509304,567.1444937407355,4430.816357349496,110.18340776699029,2927.1076018267663,5500.57568359375,light
default,long,"Tables:
CREATE TABLE `crm\_account` (
 `CustomerID` varchar(255) NOT NULL,
 `Cus...",881,128,0.0,0.0,553.9199113845825,4.778091266751289,5.332237798720598,24.004930918630816,41.658107802504674,37.62225569115849,37.452712655067444,37.612029910087585,37.646206095814705,55.3425051916819,559.701182441529,618.1904113293607,4829.61258851063,116.6987641509434,3296.3382780970514,5619.609375,light
default,medium,Write me a story about Jack and Phil on a construction site. Jack is having a ba...,95,128,0.0,0.0,139.21548798680305,4.8268130868673325,4.966088030487299,25.77481494774066,38.79756273818202,38.00588740607885,37.63851523399353,37.85463199019432,38.176027685403824,6.6576421445664025,558.4055326598602,566.6576649641469,4427.013007532398,114.60075252525255,2814.071847362332,5452.638671875,light
default,short,generate the job descriptions for the developers respectively,8,128,0.0,0.0,78.32200452685356,4.801908187568188,4.880287908017635,26.22796081143364,38.127249281387776,37.80969648849307,37.41554915904999,37.64311671257019,37.692562118172646,3.2291040725335476,579.9537452364378,585.934422312323,4577.6126743150235,120.25714358974358,2859.5286761021284,5441.69970703125,light
default,short,Why do IT companies file patents on software?,9,128,0.0,0.0,75.36179199814796,4.786956429481506,4.862376481294632,26.324576159910876,37.98731626011431,37.692065020715155,37.48643770813942,37.691959738731384,37.822653353214264,3.9305554087087513,565.3506096984652,571.2444948635381,4462.847616121391,117.9709793814433,2777.6057968934997,5441.81884765625,light
default,medium,5. Explain the impact of the following transactions on a company's income statem...,126,128,0.0,0.0,141.59220084547997,5.023238737136126,5.164890371263027,24.782713823352413,40.3507060254924,39.55253703505036,37.76981309056282,37.90163993835449,38.022810220718384,6.759804697588086,571.6157550709471,579.9893923071398,4531.16712739953,112.69539320388348,2995.581627761841,5456.2080078125,light
default,medium,I want you to act as a cyber security specialist. I will provide some specific i...,81,128,0.0,0.0,120.42762711644173,4.8221129439771175,4.94262870028615,25.897150638199776,38.61428672098555,37.96888037225393,37.66834735870361,37.9327155649662,38.55490088462829,4.890385272314773,541.1480068232324,547.6456875388511,4278.481933897275,111.3325076142132,2706.809292817467,5450.36328125,light
default,long,"// store/inventorySlice.ts

import {createSlice, current} from '@reduxjs/toolkit...",699,128,0.0,0.0,545.781634747982,4.787809167057276,5.333811227232218,23.997849670135555,41.6704002127517,37.69877784716801,37.53753751516342,37.659139186143875,37.77943477034569,48.82767505266517,552.4123806643765,603.3284795410317,4713.50374641431,113.37595305164317,3218.040217884898,5556.390625,light
default,medium,Create a powershell script that allows me to choose several different .csv files...,84,128,0.0,0.0,157.89614245295525,4.7917593233287334,4.949718177318573,25.860058171906235,38.66967326030135,37.729879239882074,37.58319839835167,37.84797489643097,37.97077722847462,8.1481774993632,535.2386137028225,544.9791580567193,4257.649672318119,110.78404060913707,2697.493244893115,5450.71875,light
default,long,"please implement and modify this code with the code you have provided

php
 $jso...",802,128,0.0,0.0,550.337664783001,4.784099075943232,5.334666032344103,23.99400435265028,41.677078377688304,37.669563915316516,37.51073405146599,37.6314714550972,37.66835518181324,45.00813644127548,578.2869117549174,625.4420967239812,4886.266380656103,117.51706572769955,3336.5247085914975,5591.8994140625,light
default,short,can you write me a rap song about rainbows and unicorns in the style of Joyner L...,20,128,0.0,0.0,83.65073800086975,4.792252089828253,4.875961646437645,26.25123191719857,38.0934503627941,37.73376498166032,37.56341710686684,37.726860493421555,37.80665248632431,3.5699248208776115,539.0810566336476,544.7577588701434,4255.919991172996,112.45400515463916,2656.2179388501463,5443.12353515625,light
default,medium,"we currently named our business ""muscles and meows"" because we jokingly admit to...",143,128,0.0,0.0,185.79867109656334,4.844187572598457,5.030044104903936,25.447092973838753,39.297219569562,38.14266384469243,37.78088465332985,37.96636462211609,38.09714578092098,12.477964439973235,550.5591286439411,565.5220716764591,4418.141184972336,113.22533500000002,2844.6009628292345,5458.84130859375,light
default,long,"Web search results:

[1] ""Writing a summary is a great way to process the inform...",364,128,0.0,0.0,297.2661294043064,4.840694047510624,5.138088759034872,24.9119869280038,40.14131842995994,38.11518319948452,37.62491047382355,37.876684218645096,38.014840334653854,20.792772471485655,552.5899171148408,576.1998594228849,4501.561401741288,112.55326341463413,2960.5660206581983,5493.498046875,light
default,short,Write a business proposal for the need of an IT intern for a semi-conductor manu...,18,128,0.0,0.0,71.92649692296982,4.83548104390502,4.90747145190835,26.082678473906377,38.339620718033984,38.07409697278278,37.51169890165329,37.76588886976242,37.83154673874378,1.8045391962826252,545.3689273988772,548.9733846213389,4288.85456735421,112.18643367346938,2694.071212886723,5442.88623046875,light
default,medium,"async get\_file\_type(file\_name: string): Promise {
 const file\_type\_extensio...",201,128,0.0,0.0,258.26384499669075,4.935992352664471,5.19437650218606,24.64203354264579,40.58106642332859,38.86557147493513,37.603385746479034,37.77236118912697,38.124899193644524,19.95638570315391,554.9512392978669,577.4977072826325,4511.700838145566,111.74632367149755,2999.74052077523,5467.8203125,light
default,short,"now a similar, more gracile, closely-related one",11,128,0.0,0.0,74.38524812459946,4.813389975577593,4.887838549911976,26.18744434639829,38.18623867118731,37.90019540570852,37.45901957154274,37.6285083591938,37.76887245476246,1.97787928956002,582.4239600294716,586.3782470916174,4581.08005540326,120.44365641025642,2866.1222009642174,5442.05615234375,light
default,long,covert this into instagram text video reel which will have a bacground song'How ...,368,128,0.0,0.0,493.8753880560398,4.865375243127346,5.359391320496798,23.883309194174466,41.87024469138123,38.309471755046545,37.55946829915047,37.93511241674423,38.049205392599106,33.76133851448074,550.3560831661504,585.5990458340664,4574.992545578643,109.22433177570095,3138.454443534302,5494.8125,light
default,medium,"Now I get this:
UDP server listening on 0.0.0.0:50055
Received 8 bytes from 10.1...",171,128,0.0,0.0,173.75021800398827,4.866732530295849,5.040570870041847,25.393949078418043,39.37945992220193,38.32020727902886,37.65227273106575,37.9034586250782,39.6413255482912,9.161074474778026,550.273908374995,561.7409252189843,4388.600978273315,111.87676119402985,2831.494944169168,5463.71533203125,light
default,long,Below is some data from a file. What file format do you think this data is from?...,972,128,0.0,0.0,536.5283265709877,4.830196678638458,5.366946574300528,23.849687755962467,41.92927011172287,38.03253827953902,37.84860298037529,37.95549497008324,37.9787378013134,47.3787386806272,549.6857514400315,599.0935458722768,4680.418327127162,112.03336448598131,3215.3030537047716,5650.587890625,light
default,medium,Please write a program which asks for tomorrow's weather forecast and then sugge...,253,128,0.0,0.0,188.44521790742874,4.834951393306255,5.0234852731227875,25.480317556585646,39.24597869627178,38.069973369752326,37.57196292281151,37.78559938073158,37.93847300112247,10.901909075547008,547.4075618294589,560.3377622517422,4377.638767591736,112.14622,2814.8484966462047,5476.45703125,light
default,short,"the last response got cut, could you generate again the javascript file?",14,128,0.0,0.0,81.34407177567482,4.924488037824631,5.0058902613818645,25.569877347783866,39.10851766704582,38.774976374830786,37.58333623409271,37.81907111406326,37.93802298605442,3.3192283219695087,576.2504681071974,581.2285499479361,4540.848046468251,116.90374371859298,2909.5663378214763,5442.41162109375,light
default,long,"You are AdventBot, a chatbot that solves small coding puzzles from Advent of Cod...",420,128,0.0,0.0,358.88997837901115,5.504254687577486,5.863338351249695,21.830566877096295,45.80733086913824,43.340066785183474,38.603171706199646,47.89569899439812,47.947271168231964,27.69358534093946,534.7365616521258,564.6440900476221,4411.281953497048,96.60191025641026,3310.6993479827083,5502.35107421875,light
default,medium,"having this documentation site structure, how would you organize this better for...",211,128,0.0,0.0,196.5419165790081,4.943488519638777,5.140096206218004,24.90225763579243,40.15700161107816,38.92458142258051,38.258276879787445,38.676755875349045,41.27733632922172,9.729508074056357,542.0355293473825,553.3752729626186,4323.244320020458,108.07970731707319,2844.4021411700087,5469.3681640625,light
default,long,Please make the following this to a dialogue for me as a chairman and Dr.Hasan a...,445,128,0.0,0.0,404.9309752881527,4.967908017337322,5.3730304427444935,23.822682816332378,41.976800333941355,39.11686295599449,38.32586854696274,38.48893567919731,38.662948086857796,35.76851061367616,543.3907718534991,581.5610452265404,4543.445665832347,108.74245794392525,3124.7452003165085,5506.05029296875,light
default,short,I have significant teeth overbite which makes it difficult for me to quickly and...,29,128,0.0,0.0,78.34262400865555,4.87176263704896,4.9501689709723,25.857703191666722,38.67319508572109,38.359812365507516,37.95579820871353,38.2401242852211,38.32234852015972,3.482610841609538,536.121000188075,541.3857735347152,4229.576355739962,110.03063959390863,2679.9510574773835,5444.54833984375,light
default,medium,You are a professional developer that builds very robust SAAS. You are also an e...,201,128,0.0,0.0,172.79261350631714,4.910408578813076,5.08330512046814,25.180467622256764,39.71332125365734,38.664116986154575,38.359954953193665,38.56482580304146,39.09455239772796,8.372507480056955,553.9525858181808,564.5459341371171,4410.5151104462275,111.3578620689655,2869.7592377386763,5467.8203125,light
default,medium,"cs3492 Based on the syllabus outlined below, Write multiple choice questions and...",129,128,0.0,0.0,159.09432247281075,4.869381166994572,5.028547555208206,25.454666301689212,39.28552777506411,38.34107216066263,38.105931133031845,38.27070593833923,38.34662437438965,11.665369075270371,564.7317279913053,579.9586812867783,4530.9271975529555,115.741185,2916.349808906404,5457.60205078125,light
default,medium,"hi could you pleasse help me, i need to send an email this is the information , ...",151,128,0.0,0.0,117.52008274197578,4.908611983060837,5.026196949183941,25.46657070825333,39.26716366549954,38.64992893938943,38.1208099424839,38.413190096616745,38.699896261096,4.861876906391234,545.4175410516541,552.2842764774133,4314.720909979791,110.55942999999999,2775.889545513035,5461.02978515625,light
default,long,I am a product designer. My company is a one-to-one online tutoring platform. We...,964,128,0.0,0.0,575.3921158611774,4.884827665984631,5.460442267358303,23.441324664334356,42.65970521373674,38.462688046412204,38.27287256717682,38.38163614273071,38.425980135798454,53.275080772902825,551.1826195887029,606.9729484194331,4741.976159526821,111.45863302752294,3314.3407426925637,5648.150390625,light
default,short,I wrote a script to run on a website. I run it in the chrome console. What's the...,29,128,0.0,0.0,99.42160919308662,4.853901255875826,4.953379739075899,25.840942294458458,38.69827921153046,38.2191676675804,37.85483539104462,38.07084709405899,38.1490346044302,3.593919935805723,558.2280504321009,563.6308299665731,4403.365859113852,114.56135025380712,2791.877533474956,5444.54833984375,light
default,medium,"Okay so the browser console says it has posted successfully...

Token being sent...",195,128,0.0,0.0,158.8018424808979,5.112513158470392,5.271411865949631,24.28191976931424,41.18290520273149,40.255497701055425,38.09606283903122,38.33067864179611,38.47465366125107,12.095319859590383,564.2260283320919,579.0831607319601,4524.087193218438,110.05740952380951,3052.5858448540716,5467.3447265625,light
default,long,where in this code should the exploration/exploitation 'recommend\_items' functi...,908,128,0.0,0.0,561.2287782132626,4.874651189893484,5.436105012893677,23.546270665559625,42.46957041323185,38.38252144183699,37.9481203854084,38.08163478970528,38.12378868460655,46.644173076938834,581.5410999341085,630.95576657027,4929.341926330235,116.33659907834102,3429.9418055668175,5629.0869140625,light
default,medium,I am a digital marketing agency and looking to create an shared mailbox for my b...,75,128,0.0,0.0,108.84914919734001,4.958311825990677,5.067234925925732,25.260324786819652,39.58777285879478,39.04130705815601,38.1196066737175,38.32271993160248,38.41123208403587,4.931020848073065,544.1840385882706,551.1293117739483,4305.697748233971,109.2601188118812,2792.701697322362,5449.6513671875,light
default,long,Please summarize this data with the highest quality data: The consumer electroni...,286,128,0.0,0.0,193.65134090185165,4.943856231868267,5.137621086090803,24.91425464336739,40.1376647350844,38.927468317230854,38.08926418423653,38.27884942293167,39.09361660480498,10.46012431787327,546.4756617163364,559.4826452625375,4370.958166113574,109.24173658536587,2874.4098356026734,5481.25146484375,light
default,short,Give me a pitch deck for a presentation to venture capitalists and angel investo...,18,128,0.0,0.0,100.3180779516697,4.866795901209116,4.96717182174325,25.769191119923423,38.80602985736914,38.32070039599899,37.90716081857681,38.12323585152626,38.21484036743641,3.538390945360064,548.4637066467255,555.0925875085368,4336.660839910443,112.23865656565656,2757.240259130953,5442.88623046875,light
default,long,You made a mistake. Xiao (Chinese: 魈 Xiāo) is a playable Anemo character in Gens...,818,128,0.0,0.0,594.9886031448841,4.857847213745117,5.453057270497084,23.473070912444665,42.602009925758466,38.25024312992734,38.07153180241585,38.2128119468689,38.24317455291748,52.50817774752714,546.4699711289071,601.2762404178139,4697.470628264171,110.93770967741935,3278.7937743875127,5598.1630859375,light
default,long,Write a 500-800 word linkedin article about putting the human in the center of c...,367,128,0.0,0.0,367.9763674736023,4.997455187141895,5.365553338080645,23.85588063984989,41.918385453755036,39.34950844978723,38.21852430701256,38.370608538389206,38.72125782072544,27.441887414686384,569.7747961664852,599.0021566009019,4679.704348444546,112.06558878504673,3213.9780208674742,5494.7373046875,light
default,short,can please write another email when the cart is about to close?Share Prompt,15,128,0.0,0.0,101.26518830657005,4.879094481468201,4.980423677712679,25.700624742589284,38.909559982130304,38.41753597334614,37.95165196061134,38.16521763801575,38.273023813962936,4.991908463429659,537.446199393617,544.0888654793407,4250.694261557349,109.51717085427134,2709.793068413137,5442.53076171875,light
default,medium,"When I ask you anything, you'll answer me in this format:

A: [Answer as you nor...",177,128,0.0,0.0,171.74043506383896,4.925535336136818,5.097348112612963,25.111096431353133,39.82303212978877,38.78322061825925,38.10668736696243,38.39226961135864,38.57832923531532,8.07174738349393,547.5309914088268,557.2076632316578,4353.184868997327,109.88291625615766,2840.2814305073703,5464.52099609375,light
default,medium,E0129 00:14:33.428052 22066 memcache.go:238] couldn't get current server API gro...,84,128,0.0,0.0,152.3500680923462,4.868116375058889,5.020532265305519,25.495304727856517,39.22290832269937,38.331102873162024,38.072992116212845,38.33632096648216,38.448578119277954,9.246877229839564,540.1201159532927,551.9265452106224,4311.926134457987,110.50233499999999,2770.9650283085352,5450.71875,light
default,short,list me all the msal libraries,7,128,0.0,0.0,92.5583504140377,4.894855801016092,4.98747555911541,25.66428616698873,38.96465280558914,38.54164707027082,38.01468014717102,38.19757550954819,38.40917721390724,3.5222815135344865,545.7102831644137,551.0084933198598,4304.753854061404,110.89324120603017,2748.141393297807,5441.58154296875,light
default,medium,"I want you to act as an English editor, spelling corrector and improver. I will ...",175,128,0.0,0.0,130.7365968823433,4.935285750776529,5.066090457141399,25.266031288400146,39.57883169641718,38.85999588867811,38.12041878700256,38.248151540756226,38.38776424527168,9.820721430046484,552.1045589310378,565.622915135054,4418.929024492609,112.10507425742574,2865.4968527061965,5464.25244140625,light
default,long,"Good evening, here is some code:
export class Body extends React.Component{
 ren...",342,128,0.0,0.0,252.77618691325188,5.012154243886471,5.265045780688524,24.311279584592917,41.133170161629096,39.46525462734417,38.177743554115295,38.352762162685394,38.46701271831989,18.308536916997284,571.3042605363596,591.9607961010468,4624.693719539428,112.79843333333335,3116.700691844836,5489.6474609375,light
default,long,"I have a model.pth now and template with index.html, style.css, main.js and have...",280,128,0.0,0.0,201.82090997695923,4.951415631920099,5.153329223394394,24.8383121767037,40.2603845577687,38.987003706806284,38.11957687139511,38.34347948431969,38.510687276721,16.473007706981154,540.547023504326,559.9052907769437,4374.260084194873,109.37366341463414,2885.37629729396,5480.61962890625,light
default,short,You can only get answer from the choices I give. But try to explain your choice....,56,128,0.0,0.0,117.98687279224396,4.891363814473152,5.009415470063686,25.55188340135275,39.13605835987255,38.51415296121845,38.18991780281067,38.44263255596161,38.48675452172756,5.113839363768697,538.3356025639791,545.3490793550443,4260.5396824612835,109.17858,2731.8801147061477,5447.39501953125,light
default,long,I writing this piece of content that could start on Twitter and graduate to long...,327,128,0.0,0.0,281.3988924026489,4.919647324830294,5.201159983873367,24.60989479209921,40.63406237401068,38.73685896983297,38.134291768074036,38.33664879202843,38.673160597682,16.54479702479951,537.8528888085968,556.3882173638474,4346.782948155058,107.62594685990337,2893.86413165148,5488.1953125,light
default,short,"I want to improve my English listening ability.
Can you give me 20 TV shows from...",45,128,0.0,0.0,94.24803406000137,4.857600893825293,4.951911918818951,25.848601933640303,38.68681186577305,38.248301285693024,37.970248609781265,38.09603005647659,38.16716410219669,3.27261418877542,531.72712439234,536.6331881631297,4192.446782524451,109.05189847715734,2657.3602804988145,5446.33837890625,light
default,short,Let's update the outline so that we consider the following principals as themati...,62,128,0.0,0.0,107.28928446769714,4.868242781609297,4.97559168189764,25.725583645799105,38.871810014825314,38.33208365116533,38.08591887354851,38.37524726986885,38.45915272831917,4.993948869448156,550.5166708769464,557.1774710557685,4352.948992623191,112.6771111111111,2772.287590325845,5448.10693359375,light
default,short,"Suggest a study plan which I can follow
and some online lecture materials which ...",24,128,0.0,0.0,89.96981009840965,4.877220328897238,4.96725444868207,25.76876246675091,38.80667538032867,38.402788018382445,38.17439824342728,38.44490572810173,38.5580413043499,5.060974980598315,553.9572155763097,563.3060383469965,4400.82842458591,113.94873232323233,2798.084424948591,5443.59814453125,light
default,short,Write a report on Marshall AI,6,128,0.0,0.0,73.67268204689026,4.993918787688017,5.067650347948074,25.258254064791203,39.59101834334433,39.321667214078225,37.99564018845558,38.18819224834442,38.250185549259186,1.5924562240317464,542.1677512195577,545.3518909397962,4260.561647967158,108.07296039603959,2763.652699875199,5441.46240234375,light
default,long,rewrite my generateScreenshot function so the logic is similar to this rest endp...,510,128,0.0,0.0,439.15725126862526,4.974793013185263,5.414179794490337,23.64162345148888,42.29827964445576,39.17106587117112,38.23002800345421,38.41138705611229,38.47164958715439,34.771902730893345,548.2712923307195,585.9450198678487,4577.695467717568,108.53152777777778,3172.4116872507457,5516.7890625,light
default,short,can you show it in code?,7,128,0.0,0.0,76.61410421133041,4.899665251374245,4.976341586560011,25.721706955507127,38.877668645000085,38.579525910024564,38.164012134075165,38.36593255400658,38.49886544048786,3.581131713857874,532.8138337869718,538.2423811914194,4205.018603057964,108.83474747474747,2678.4779451719464,5441.58154296875,light
default,short,Which party has the higher conditional probability of retweeting a MoC? Why did ...,48,128,0.0,0.0,87.13623881340027,4.898808427155018,4.986011058092117,25.67182433184952,38.95321139134467,38.572777737313366,38.16411644220352,38.35947439074516,38.54940123856068,3.5060100109912455,546.1499674970078,551.4108139727879,4307.896984162406,110.97795979899496,2749.3404160198957,5446.47705078125,light
default,long,"Web search results:

[1] ""The World Economic Forums Annual Meeting 2023 was held...",416,128,0.0,0.0,436.3541603088379,4.931951720267534,5.368494659662247,23.842810343421853,41.9413645286113,38.833738576004826,38.17475959658623,38.34211677312851,38.42075802385807,31.412096155729145,578.6681465711742,611.9871732504555,4781.149791019184,114.43147196261681,3285.4498713768644,5501.75927734375,light
static,medium,Initialization: Create an initial population of candidate solutions (often rando...,140,128,5.0,5.0,176.9164875149727,5.628122180700302,5.805131021887064,22.049459265846384,45.35258610849269,44.315081060402036,44.168636202812195,44.65130642056465,44.844797253608704,10.9713921594657,527.8125687779244,541.4747090074216,4230.2711641204805,93.91528138528139,3143.331630826254,5458.50927734375,light
static,medium,Rewrite the documents above (Month 4 and Month 11) and label the months with the...,82,128,5.0,5.0,119.98644843697548,5.642685350030661,5.762771770358086,22.211533807115593,45.021654455922544,44.42976036761689,44.301100075244904,44.7822667658329,44.88385692238808,4.6812751866504545,511.669653907191,517.912723846551,4046.1931550511795,90.18736521739129,2984.612824492167,5450.4814453125,light
static,long,You are a partner in a commercial team at a large global law firm based in the U...,662,128,5.0,5.0,398.7318016588688,5.817846868187189,6.216785781085491,20.58941782897502,48.5686389147304,45.80897670679205,44.2517027258873,44.868072122335434,44.96784806251526,36.87591209365242,533.7707944961935,573.6203025359418,4481.4086135620455,92.56216129032256,3566.074540547401,5543.6357421875,light
static,short,write some code that removes whitespace in js,8,128,5.0,5.0,92.9303951561451,5.599616352468729,5.69264055415988,22.485171649642343,44.47375432937406,44.09062375468532,43.98219659924507,44.565462321043015,44.71840374171734,3.1272551785558464,514.0856683202423,519.944452979274,4062.0660389005784,91.73811894273129,2959.8568789402902,5441.69970703125,light
static,short,compile a list of all pokemon mentioned in any prompt above including the gym le...,46,128,5.0,5.0,90.17679840326309,5.795446060597897,5.885715905576944,21.74756683018204,45.98215551231988,45.63259122174556,43.76251995563507,44.472288340330124,44.650766626000404,3.2779758889898654,584.8071597262042,590.1082065144424,4610.220363394081,100.47318723404256,3473.209257093538,5446.38427734375,light
static,medium,Write a story about a mother taking her toddler daughter to the bathroom after a...,94,128,5.0,5.0,163.3717529475689,5.59945934265852,5.7629475221037865,22.2108564253025,45.02302751643583,44.08938399567379,44.097479432821274,44.77386772632599,44.906871020793915,10.899041481474413,508.6036408420708,522.340853996031,4080.787921843992,90.94185217391306,3010.2229302300025,5452.5556640625,light
static,long,"Act as the prompt generator and I will give you the main keywords by: Product, F...",408,128,5.0,5.0,297.79402539134026,5.7237239331007,6.021662902086973,21.25658677366979,47.04424142255448,45.0678331352125,44.368792325258255,44.88683640956879,45.10294236242771,22.11063578163646,515.8218992178386,540.8426024255232,4225.3328314494,89.94382500000002,3256.771834893947,5500.57568359375,light
static,long,"Tables:
CREATE TABLE `crm\_account` (
 `CustomerID` varchar(255) NOT NULL,
 `Cus...",881,128,5.0,5.0,555.8477863669395,5.617024905979633,6.173166375607252,20.73490202787685,48.22786230943166,44.22770484577952,44.20352354645729,44.75913941860199,44.91228796541691,44.51260093744472,520.9733069782405,568.5847460040934,4442.06832815698,92.5184756097561,3509.9682357156594,5619.609375,light
static,medium,Write me a story about Jack and Phil on a construction site. Jack is having a ba...,95,128,5.0,5.0,179.19902130961418,5.621782295405865,5.801104687154293,22.064762989614284,45.321130368392915,44.26518214617189,44.2793034017086,44.846539944410324,44.91005726158619,9.781546799615025,508.90376191000644,520.6719386798442,4067.749520936283,90.27929870129871,3020.4724239453567,5452.638671875,light
static,short,generate the job descriptions for the developers respectively,8,128,5.0,5.0,80.58756962418556,6.306830670684576,6.38750883564353,20.039111223727055,49.90241277846508,49.65924489216542,44.43196579813957,52.469078451395035,52.59267911314964,5.781898525897414,606.9468492639679,614.6609402737002,4802.038595888283,96.22479215686273,3926.15218692322,5441.69970703125,light
static,short,Why do IT companies file patents on software?,9,128,5.0,5.0,81.8469189107418,5.522584680467844,5.604519695043564,22.83870999921699,43.78531011752784,43.484094310698545,43.04732382297516,43.96374225616455,44.07964460551739,3.103054008744657,534.3173690227643,538.9690289400778,4210.6955385943575,96.77409865470854,3020.6625377131704,5441.81884765625,light
static,medium,5. Explain the impact of the following transactions on a company's income statem...,126,128,5.0,5.0,143.1366242468357,5.525721855461597,5.66894743964076,22.5791474277827,44.28865187219344,43.50881915040842,43.13330724835396,44.06585022807121,44.155555963516235,6.666872673412785,520.7292030094509,529.122106246151,4133.766455048055,93.7625221238938,2999.5654094614442,5456.2080078125,light
static,medium,I want you to act as a cyber security specialist. I will provide some specific i...,81,128,5.0,5.0,217.8601175546646,5.56743336468935,5.785393189638853,22.124684667800473,45.19838429405354,43.837254412296254,43.22206228971481,44.00656521320343,44.195736199617386,11.112405517553912,514.3434532730635,527.405626134973,4120.356454179477,91.40130735930735,3051.2489176184877,5450.36328125,light
static,long,"// store/inventorySlice.ts

import {createSlice, current} from '@reduxjs/toolkit...",699,128,5.0,5.0,547.0852181315422,5.523565150797367,6.070852782577276,21.084352492840356,47.42853736388497,43.491817805476074,43.11081022024155,44.23114210367203,44.37839202582836,38.15724165853485,551.3787268411927,591.7149433931373,4622.772995258885,97.86877685950412,3592.214310590783,5556.390625,light
static,medium,Create a powershell script that allows me to choose several different .csv files...,84,128,5.0,5.0,129.30237129330635,5.653798893094063,5.7831908874213696,22.133109989228302,45.18117880797945,44.51730116967141,43.25757920742035,44.1176600754261,44.36397925019264,9.061799726385624,536.0505460300612,549.7541900196094,4294.9546095281985,95.368670995671,3179.333422043121,5450.71875,light
static,long,"please implement and modify this code with the code you have provided

php
 $jso...",802,128,5.0,5.0,600.8281745016575,5.514163713902235,6.11526045948267,20.931242560816184,47.77547233970836,43.41781476703216,43.05506497621536,44.02447193861008,44.09366101026535,47.77735207886807,514.0206644167174,563.5713433521837,4402.901119938935,92.48081557377047,3446.3855520991406,5591.8994140625,light
static,short,can you write me a rap song about rainbows and unicorns in the style of Joyner L...,20,128,5.0,5.0,116.16798490285873,5.502632804214954,5.618889268487692,22.78030298939328,43.89757241006009,43.32698638162275,42.9961122572422,44.05090510845184,44.172095879912376,4.625179953794927,498.89630731691426,505.0282975923084,3945.533574939909,90.30152678571429,2837.69808162403,5443.12353515625,light
static,medium,"we currently named our business ""muscles and meows"" because we jokingly admit to...",143,128,5.0,5.0,241.6028268635273,5.631201311945915,5.872926127165556,21.79492764397779,45.882235368480906,44.33934754274023,43.5800701379776,44.22125965356827,44.34783868491649,12.746247442815452,509.373219784569,523.9564255307764,4093.409574459191,89.6047564102564,3077.157380995971,5458.84130859375,light
static,long,"Web search results:

[1] ""Writing a summary is a great way to process the inform...",364,128,5.0,5.0,313.6056624352932,5.577553682029247,5.891314402222633,21.72690018915118,46.02589376736432,43.91695547291613,43.29070448875427,44.22251656651497,44.62793283164501,25.53357854271866,572.7452964715436,600.7595347229299,4693.433865022889,102.28290638297872,3539.263299185765,5493.498046875,light
static,short,Write a business proposal for the need of an IT intern for a semi-conductor manu...,18,128,5.0,5.0,77.32059806585312,5.539269968867302,5.616679064929485,22.789267202256816,43.880305194761604,43.61549242744295,43.06861013174057,44.07450556755066,44.27568167448043,3.09166054032743,509.387234129155,513.999465118995,4015.6208212421484,91.90917410714285,2886.970035118812,5442.88623046875,light
static,medium,"async get\_file\_type(file\_name: string): Promise {
 const file\_type\_extensio...",201,128,5.0,5.0,172.9264296591282,5.748784765601158,5.921885535120964,21.614737272591572,46.26473074313253,45.26523116418696,42.97748953104019,44.14914846420288,44.2635178565979,9.795037385968492,536.863930990424,549.1661502919775,4290.360549156074,93.15274999999998,3252.099081792127,5467.8203125,light
static,short,"now a similar, more gracile, closely-related one",11,128,5.0,5.0,79.67730239033699,5.55131259560585,5.63107780367136,22.730994751403777,43.9927953411825,43.710309748105175,43.27963665127754,44.00898516178131,44.17783208191395,3.107313539139926,529.4705455838591,534.1314067192191,4172.901614993899,95.04718222222223,3007.735508620354,5442.05615234375,light
static,long,covert this into instagram text video reel which will have a bacground song'How ...,368,128,5.0,5.0,312.18499690294266,6.752220846712589,7.064608212560415,18.118485292988264,55.192251660628244,53.1662536829006,53.176578134298325,53.395432978868484,53.71321514248848,26.967973055208105,565.64066133935,595.071399460243,4648.995308283149,84.43501063829787,4203.946295686652,5494.8125,light
static,medium,"Now I get this:
UDP server listening on 0.0.0.0:50055
Received 8 bytes from 10.1...",171,128,5.0,5.0,142.42100343108177,6.3920954912900925,6.534635476768017,19.587932709493366,51.05183966225013,50.33050078576005,52.524134516716,53.51612791419029,54.62866574525833,6.956111384421588,616.5146608263366,626.54402303458,4894.875179957657,96.37313076923078,4094.236800678724,5463.71533203125,light
static,long,Below is some data from a file. What file format do you think this data is from?...,972,128,5.0,5.0,571.4874975383282,6.346755068749189,6.918513391166925,18.501084375065524,54.050885868491605,49.973613721883204,52.51666158437729,52.76983305811882,52.87633426487446,45.0682993837297,554.2161908184178,601.5811676684059,4699.852872409421,87.19435144927537,4162.047364387701,5650.587890625,light
static,medium,Please write a program which asks for tomorrow's weather forecast and then sugge...,253,128,5.0,5.0,193.5601569712162,5.626391284167767,5.820067290216684,21.99287286852563,45.469275704817846,44.301488121428825,43.61112415790558,44.47668641805649,44.95415799319744,11.89422942836769,518.1091844758168,532.0087748745177,4156.3185537071695,91.83059482758622,3096.3268687554323,5476.45703125,light
static,short,"the last response got cut, could you generate again the javascript file?",14,128,5.0,5.0,79.93605732917786,5.534044500440359,5.614069908857346,22.79985858353024,43.85992116294801,43.57435102537861,43.27590391039848,44.333284348249435,44.42329630255699,3.10726747443527,520.907213369092,526.6831105808038,4114.71180141253,94.16084375000001,2956.835802615077,5442.41162109375,light
static,long,"You are AdventBot, a chatbot that solves small coding puzzles from Advent of Cod...",420,128,5.0,5.0,384.8791904747486,5.590401891618967,5.9755501113832,21.42062197021238,46.68398524518125,44.018122741556546,43.5299389064312,44.355516135692596,44.727854803204536,31.352141779424624,517.6217745150476,551.3953244796041,4307.775972496907,92.80579831932774,3294.890392610274,5502.35107421875,light
static,medium,"having this documentation site structure, how would you organize this better for...",211,128,5.0,5.0,170.8729974925518,5.613542053848505,5.784521874040365,22.128017282540714,45.19157714094035,44.2003135195398,43.700505048036575,44.42232623696327,44.694439694285386,14.317794103056192,563.6727848572732,581.6984292706252,4544.51897867676,100.54090476190473,3364.8472882108535,5469.3681640625,light
static,long,Please make the following this to a dialogue for me as a chairman and Dr.Hasan a...,445,128,5.0,5.0,389.9240344762802,5.6339012905955315,6.024093821644783,21.248009043300662,47.06323298159987,44.36062513960628,43.83907467126846,44.40246596932411,44.61933299899101,27.993031961886214,513.3162644855231,543.6581611551362,4247.329384024501,90.67504583333333,3275.04776970142,5506.05029296875,light
static,short,I have significant teeth overbite which makes it difficult for me to quickly and...,29,128,5.0,5.0,75.8003406226635,5.692825313657522,5.768713545054197,22.188655928277235,45.06807457073592,44.82435611054653,43.3770976960659,53.22036072611809,53.54781374335288,3.1183350763320923,518.1567371088657,522.8338271263037,4084.639274424248,91.03300869565216,3016.078580356033,5444.54833984375,light
static,medium,You are a professional developer that builds very robust SAAS. You are also an e...,201,128,5.0,5.0,264.37530666589737,6.426478751003742,6.690979294478893,19.130234060897493,52.273275738116354,50.60133525705713,53.24454605579376,53.55088859796524,53.76758575439453,16.98403683681786,546.9504860699064,567.3748446147926,4432.615973553066,85.05965543071162,3796.293337525756,5467.8203125,light
static,medium,"cs3492 Based on the syllabus outlined below, Write multiple choice questions and...",129,128,5.0,5.0,170.8291657269001,6.089651141315699,6.260614775121212,20.445276478063096,48.91105293063447,47.949027182079675,44.751815497875214,53.431448340415955,53.5967830568552,7.8233236495032905,594.1079368442315,603.5146403428298,4714.958127678357,96.585648,3778.3726743322845,5457.60205078125,light
static,medium,"hi could you pleasse help me, i need to send an email this is the information , ...",151,128,5.0,5.0,128.90930846333504,6.1566636599600315,6.285680744796991,20.363745025700318,49.106880818726495,48.47682980219211,44.60497200489044,53.362174332141876,53.65234985947609,6.787659482287244,536.6858502836972,546.6384876254182,4270.61318457358,87.17088047808764,3435.9950160320395,5461.02978515625,light
static,long,I am a product designer. My company is a one-to-one online tutoring platform. We...,964,128,5.0,5.0,598.4577834606171,5.615167059004307,6.213900621980429,20.598977644931374,48.5460986092221,44.21303004730405,44.0802127122879,44.80225518345833,44.91666741669178,43.97161766516416,518.1329706720281,564.8090142902975,4412.5704241429485,91.14774193548386,3509.6670851986323,5648.150390625,light
static,short,I wrote a script to run on a website. I run it in the chrome console. What's the...,29,128,5.0,5.0,77.64944061636925,5.635549455881119,5.713291611522436,22.403897560882857,44.63509071501903,44.37356445146358,44.05556619167328,44.720955938100815,44.8318962007761,4.6980919154025615,530.71085385265,536.9815567267183,4195.168411927487,94.02348684210527,3067.9322235890186,5444.54833984375,light
static,medium,"Okay so the browser console says it has posted successfully...

Token being sent...",195,128,5.0,5.0,167.4550138413906,5.733964256942272,5.901563618332148,21.689167189927595,46.1059657682199,45.14849297408983,44.265396893024445,44.85893175005913,45.32360807061195,7.633603658238426,510.1538399251811,519.5197834879234,4058.7483084994014,88.53302553191489,3065.979053236123,5467.3447265625,light
static,long,where in this code should the exploration/exploitation 'recommend\_items' functi...,908,128,5.0,5.0,564.2920285463333,5.655559986829758,6.220142662525177,20.578306149016225,48.594864550977945,44.53112827393952,44.16178911924362,44.711968302726746,44.90247741341591,49.27168100399712,577.476023270892,629.9168700608723,4921.225547350565,101.59752822580646,3918.17279730996,5629.0869140625,light
static,medium,I am a digital marketing agency and looking to create an shared mailbox for my b...,75,128,5.0,5.0,111.5751750767231,5.66818119212985,5.779872886836529,22.145815748217544,45.15525692841038,44.63050593658695,44.14504021406174,44.880181550979614,45.02415582537651,4.586782367888838,504.1150873811375,510.23401461224444,3986.2032391581597,88.8411260869565,2949.087746999065,5449.6513671875,light
static,long,Please summarize this data with the highest quality data: The consumer electroni...,286,128,5.0,5.0,295.3924499452114,5.68240624293685,5.977926518768072,21.412106622277147,46.70255092787556,44.74251004537259,44.16964948177338,45.056550204753876,47.98267222940921,23.047711936537176,509.944576929383,535.9140624686777,4186.828613036544,89.8953319327731,3203.6548858122374,5481.25146484375,light
static,short,Give me a pitch deck for a presentation to venture capitalists and angel investo...,18,128,5.0,5.0,106.99332877993584,5.634421534836292,5.741508349776268,22.293793233791575,44.855533982627094,44.36468025009463,43.98784786462784,44.69800442457199,44.90947499871254,4.445616305336356,510.6263355508409,517.6775496501514,4044.355856641808,90.53596506550217,2972.249973808063,5442.88623046875,light
static,long,You made a mistake. Xiao (Chinese: 魈 Xiāo) is a playable Anemo character in Gens...,818,128,5.0,5.0,561.8661381304264,5.6173701621592045,6.179482229053974,20.713709539965084,48.27720491448417,44.23042659567097,44.22338679432869,44.74244341254234,44.916825741529465,47.452757819831376,510.32857949713434,559.4892939487715,4371.010108974778,91.04001626016259,3457.354149302389,5598.1630859375,light
static,long,Write a 500-800 word linkedin article about putting the human in the center of c...,367,128,5.0,5.0,290.59505090117455,5.94405335187912,6.234817028045654,20.52987271707033,48.709508031606674,46.8027704637351,44.352687895298004,52.55986079573631,52.686066925525665,32.75030574025772,581.8348957336061,618.6521950302254,4833.220273673635,99.49320883534136,3857.1832400122703,5494.7373046875,light
static,short,can please write another email when the cart is about to close?Share Prompt,15,128,5.0,5.0,78.63359153270721,5.577960733324289,5.656683374196291,22.628100519800864,44.19283886090852,43.92014763603999,43.50687935948372,44.367822259664536,44.486214220523834,3.029098806381225,513.6491445589085,518.1930514965077,4048.383214816466,91.80333185840708,2931.2540190243376,5442.53076171875,light
static,medium,"When I ask you anything, you'll answer me in this format:

A: [Answer as you nor...",177,128,5.0,5.0,142.22918823361397,5.634457100182772,5.776797875761986,22.157604048612523,45.131233404390514,44.36473049751417,43.64681616425514,44.721683859825134,45.21349295973778,10.232103760186583,517.1432111521308,529.9816297528428,4140.481482444084,92.0145652173913,3061.596752949097,5464.52099609375,light
static,medium,E0129 00:14:33.428052 22066 memcache.go:238] couldn't get current server API gro...,84,128,5.0,5.0,171.06293886899948,5.661077089607716,5.832247223705053,21.946943449129957,45.56443143519573,44.5745582068999,43.684717267751694,44.72956210374832,44.97294053435325,7.781981161948294,519.9533017057479,529.3026215627231,4135.176730958774,91.34012068965515,3087.023745108998,5450.71875,light
static,short,list me all the msal libraries,7,128,5.0,5.0,106.0880646109581,5.581179957836866,5.68736769631505,22.50601804468059,44.43256012746133,43.9453220625562,43.55291277170181,44.65135633945465,44.848399981856346,5.668375789951534,523.0103548227306,530.6529843471814,4145.726440212355,93.63818502202645,3018.0186411293353,5441.58154296875,light
static,medium,"I want you to act as an English editor, spelling corrector and improver. I will ...",175,128,5.0,5.0,136.72133907675743,5.699328552931547,5.83621808886528,21.93201111593256,45.59545381926,44.8756175423701,44.48245093226433,45.31243517994881,45.74326351284981,8.5440049854666,550.2216794765629,562.4803132173306,4394.377447010395,96.68548068669529,3282.7577786295933,5464.25244140625,light
static,long,"Good evening, here is some code:
export class Body extends React.Component{
 ren...",342,128,5.0,5.0,287.1015816926956,5.739807210862637,6.027102895081043,21.23740082560493,47.08674136782065,45.19441321961523,44.43880915641785,45.25162801146507,45.49872875213623,21.359444094426934,509.6916647511907,533.9590580516272,4171.555141028337,89.03529583333334,3218.2261846377087,5489.6474609375,light
static,long,"I have a model.pth now and template with index.html, style.css, main.js and have...",280,128,5.0,5.0,207.00817555189133,5.625667817890644,5.832857556641102,21.94464698598089,45.56919966125861,44.29578065402865,43.74241083860397,44.70324292778969,45.035191252827644,17.899880808824673,512.2278981008621,533.3253034310936,4166.603933055419,91.65684120171674,3110.810526265963,5480.61962890625,light
static,short,You can only get answer from the choices I give. But try to explain your choice....,56,128,5.0,5.0,104.31433096528053,5.604414038360119,5.7088288478553295,22.421411363223218,44.60022537386976,44.12808588991954,43.74145343899727,44.59967315196991,44.85805742442608,6.023749467134476,515.5189079519139,524.0197197860107,4093.9040608282085,92.02149999999999,2991.538893159444,5447.39501953125,light
static,long,I writing this piece of content that could start on Twitter and graduate to long...,327,128,5.0,5.0,278.2924361526966,5.675113067030907,5.953610029071569,21.49956066570938,46.512578352121636,44.68513051355918,43.8942089676857,45.01275345683098,46.05277739465235,19.22052076382935,558.856911335513,580.7919735687077,4537.437293505529,98.10264556962026,3457.808918642928,5488.1953125,light
static,short,"I want to improve my English listening ability.
Can you give me 20 TV shows from...",45,128,5.0,5.0,101.18396952748299,5.596453413367271,5.697739701718092,22.46504872123291,44.51359141967259,44.06555988422529,43.6122864484787,44.58478018641472,44.91676427423954,5.8420844116397195,509.08223878475656,516.8734916983694,4038.0741538935113,91.28987665198238,2945.010614415456,5446.33837890625,light
static,short,Let's update the outline so that we consider the following principals as themati...,62,128,5.0,5.0,98.80988299846649,5.612819377332926,5.711733479052782,22.410009232648434,44.62291780509986,44.19459446560679,43.90885308384895,44.59974318742752,44.94510777294636,3.0428735918551686,534.0136023432483,538.5801610162947,4207.657507939803,94.52466666666668,3076.2263368304084,5448.10693359375,light
static,short,"Suggest a study plan which I can follow
and some online lecture materials which ...",24,128,5.0,5.0,92.10963919758797,5.571303304284811,5.663519583642483,22.60078703880406,44.2462467472069,43.86757663267804,43.647486716508865,44.428861886262894,44.75206211209297,3.0214071560334412,525.8160564293694,530.3454477600455,4143.323810625356,93.95040265486725,3003.6218294846594,5443.59814453125,light
static,short,Write a report on Marshall AI,6,128,5.0,5.0,81.6984474658966,5.592722676694393,5.67454844340682,22.556860916170596,44.332409714115784,44.03612117363712,43.91351342201233,45.01918703317642,45.32896764576435,3.1197622348554432,513.421619374672,518.099936531758,4047.6557541543593,91.79676548672566,2939.9831883754596,5441.46240234375,light
static,long,rewrite my generateScreenshot function so the logic is similar to this rest endp...,510,128,5.0,5.0,252.9507912695408,5.763613697141409,6.016828268766403,21.27366683613909,47.006470849737525,45.38169250948223,44.145844876766205,45.043596625328064,45.49945779144764,18.906775285881015,574.3230506952256,596.0616549621634,4656.731679391902,99.32735416666668,3586.4006155040306,5516.7890625,light
static,short,can you show it in code?,7,128,5.0,5.0,90.49595892429352,5.51847430691123,5.609068784862757,22.820187255580592,43.82084988174029,43.45175368696686,43.07232424616814,44.04676631093025,44.18894946575165,3.543147609721869,528.4497174165435,533.8497592431232,4170.7012440869,95.43629017857143,2994.4000203771006,5441.58154296875,light
static,short,Which party has the higher conditional probability of retweeting a MoC? Why did ...,48,128,5.0,5.0,91.92995727062225,5.57514326274395,5.667161695659161,22.586262202125507,44.27470074733719,43.897963972307565,43.05024445056915,44.11567747592926,44.2401509732008,3.6543172186017037,513.3133314054292,519.6226508450861,4059.5519597272355,92.0885796460177,2944.785583066146,5446.47705078125,light
static,long,"Web search results:

[1] ""The World Economic Forums Annual Meeting 2023 was held...",416,128,5.0,5.0,407.4566066265106,5.652322627604008,6.060048211365938,21.121944171983532,47.34412665129639,44.505679877254906,43.392375111579895,44.24824267625809,44.402991980314255,29.828728953482585,525.9145748742335,558.45771746674,4362.950917708906,92.38185123966942,3384.2806918578217,5501.75927734375,light
phase_aware,medium,Initialization: Create an initial population of candidate solutions (often rando...,140,128,0.0,5.0,170.43209075927734,5.583803053945303,5.754300411790609,22.24423315434261,44.955471967114136,43.96614825397026,43.038465082645416,44.114482402801514,44.21819560229778,7.792681838721037,519.0219112189394,528.3728011747207,4127.912509177506,92.40448908296943,3040.4158273786534,5458.50927734375,light
phase_aware,medium,Rewrite the documents above (Month 4 and Month 11) and label the months with the...,82,128,0.0,5.0,119.13870647549629,5.546321161091328,5.665530618280172,22.59276467185622,44.26195795531385,43.671024567264276,43.066833168268204,43.89582723379135,43.98575946688652,4.94678615578264,581.7037517933901,588.7430747479219,4599.55527146814,104.2882256637168,3335.541916284764,5450.4814453125,light
phase_aware,long,You are a partner in a commercial team at a large global law firm based in the U...,662,128,0.0,5.0,476.03612020611763,6.668472301214933,7.144730813801289,17.91530056706206,55.81820948282257,52.50682221270922,53.00258472561836,53.16544324159622,53.31164561212063,34.99103012091853,568.3903110718168,606.1724920606241,4735.7225942236255,85.11058596491227,4330.939282504258,5543.6357421875,light
phase_aware,short,write some code that removes whitespace in js,8,128,0.0,5.0,72.7451927959919,5.610514599829912,5.683319017291069,22.522050866856087,44.40092982258648,44.176405193064156,43.83522644639015,44.52055245637894,44.663212075829506,1.5277430713176727,545.1145049483478,548.6777717074044,4286.545091464097,96.77111013215858,3118.310814309579,5441.69970703125,light
phase_aware,short,compile a list of all pokemon mentioned in any prompt above including the gym le...,46,128,0.0,5.0,96.8794971704483,5.617392633110285,5.714329954236746,22.399826580734565,44.64320276747458,44.230595055058245,43.98198425769806,44.710466265678406,44.777797907590866,3.0819758068621157,518.2458519870044,522.8620302686617,4084.8596114739194,91.83318421052631,2987.8061614972535,5446.38427734375,light
phase_aware,medium,Write a story about a mother taking her toddler daughter to the bathroom after a...,94,128,0.0,5.0,176.29946395754814,5.604634463787079,5.781038176268339,22.141351794812746,45.1643607520964,44.130134740917704,43.90716925263405,44.50947642326355,44.71028782427311,11.774126093035564,504.3335851457882,519.0026739330963,4054.7083901023148,90.00449783549782,3000.374271592578,5452.5556640625,light
phase_aware,long,"Act as the prompt generator and I will give you the main keywords by: Product, F...",408,128,0.0,5.0,324.7627466917038,5.752877727150917,6.077791903167963,21.060280121351607,47.48274924349971,45.29739490996196,43.945349752902985,44.64739039540291,44.86977644264698,24.00536985315941,586.5446298665292,613.4765428172741,4792.785490759954,101.40784297520662,3728.5827647183028,5500.57568359375,light
phase_aware,long,"Tables:
CREATE TABLE `crm\_account` (
 `CustomerID` varchar(255) NOT NULL,
 `Cus...",881,128,0.0,5.0,614.834189414978,5.601042281836271,6.216101877391338,20.591683103771256,48.56329591711983,44.1018612542021,44.085778295993805,44.601382315158844,44.66632343828678,48.29584111618064,519.0395914244224,569.6597589401975,4450.466866720293,91.93369354838708,3541.0630970224593,5619.609375,light
phase_aware,medium,Write me a story about Jack and Phil on a construction site. Jack is having a ba...,95,128,0.0,5.0,126.70321390032768,5.602822281420231,5.729584958404303,22.340187104171708,44.762382487533614,44.11587412432423,43.91442611813545,44.71219927072525,44.81169693171978,6.049737495489419,506.618052028818,514.181847837543,4017.045686230805,90.30730263157893,2946.0485812545166,5452.638671875,light
phase_aware,short,generate the job descriptions for the developers respectively,8,128,0.0,5.0,102.65596210956573,5.654343865811825,5.757061384618282,22.233565259872062,44.97704206733033,44.52155542185926,43.886829167604446,44.66031864285469,44.79557424783707,4.448184493482113,501.3521395684853,507.39323869552277,3964.0096773087716,88.3469,2921.094021310401,5441.69970703125,light
phase_aware,short,Why do IT companies file patents on software?,9,128,0.0,5.0,93.39851513504982,5.604699309915304,5.698159832507372,22.463392351645552,44.51687369146384,44.13064692433425,43.910350650548935,44.644005596637726,44.757432118058205,2.938981764525175,531.327052257415,536.6781051098536,4192.797696170732,94.63219823788546,3058.077621523137,5441.81884765625,light
phase_aware,medium,5. Explain the impact of the following transactions on a company's income statem...,126,128,0.0,5.0,396.0736356675625,5.635774523019791,6.03190878406167,21.220480047413684,47.1242873754818,44.37533991895322,44.0540686249733,44.75189968943596,44.838156551122665,20.994551926387476,572.685680348048,595.1753356181421,4649.807309516735,99.22344166666666,3590.0433349719237,5456.2080078125,light
phase_aware,medium,I want you to act as a cyber security specialist. I will provide some specific i...,81,128,0.0,5.0,351.87453031539917,5.640028800815344,5.99199391156435,21.361837459975423,46.812452434096485,44.408834825350546,44.01421174407005,44.660111516714096,44.947902858257294,23.345154626775532,506.70641040476045,531.5942516121305,4153.08009071977,89.06633891213389,3185.3095190824934,5450.36328125,light
phase_aware,long,"// store/inventorySlice.ts

import {createSlice, current} from '@reduxjs/toolkit...",699,128,0.0,5.0,552.8531149029732,5.614803194999695,6.167869761586189,20.75270797661627,48.186482512392104,44.2101936054042,44.335220009088516,44.77330073714256,44.829072430729866,43.141875848749656,508.21495191833753,553.1893180148434,4321.791546990964,90.01694715447154,3411.9996670162386,5556.390625,light
phase_aware,medium,Create a powershell script that allows me to choose several different .csv files...,84,128,0.0,5.0,169.64634880423546,5.638116642832756,5.80784260854125,22.03916473420922,45.37377037922852,44.39377453266166,44.17587071657181,44.80710029602051,45.115190371870995,7.780392122182995,509.2433891056348,518.7451327083949,4052.6963492843347,89.52566379310343,3012.790084717201,5450.71875,light
phase_aware,long,"please implement and modify this code with the code you have provided

php
 $jso...",802,128,0.0,5.0,611.9552776217461,5.565970696508884,6.178150836378336,20.718173348294982,48.26680340920575,43.82571677757999,43.63951459527016,44.427818059921265,44.7579775005579,51.28858815077133,540.1436247769054,593.3993940850273,4635.932766289276,96.56748373983741,3666.1109628728095,5591.8994140625,light
phase_aware,short,can you write me a rap song about rainbows and unicorns in the style of Joyner L...,20,128,0.0,5.0,72.51547649502754,5.577094551175833,5.649668574333191,22.656196255743613,44.138035736978054,43.91329377654969,43.417032808065414,44.290948659181595,44.37762349843979,1.9094196448624134,527.0153631505017,530.8356776339953,4147.153731515588,94.56854222222223,2999.0456460636474,5443.12353515625,light
phase_aware,medium,"we currently named our business ""muscles and meows"" because we jokingly admit to...",143,128,0.0,5.0,176.2351132929325,5.5755695551633835,5.751864239573479,22.253654583733997,44.9364393716678,43.90128927789335,43.64907741546631,44.38074827194214,44.481901079416275,9.15435754412599,504.1774064425304,514.8503289231751,4022.2681947123056,89.99223580786027,2961.349195665854,5458.84130859375,light
phase_aware,long,"Web search results:

[1] ""Writing a summary is a great way to process the inform...",364,128,0.0,5.0,320.9562264382839,5.637350749224424,5.958433672785759,21.482155718980405,46.55026306863874,44.38774830361051,43.61851140856743,44.389573484659195,44.93710920214652,22.861279353022574,513.8112677681427,538.8576245844197,4209.8251920657785,90.62976050420168,3210.7474151611536,5493.498046875,light
phase_aware,short,Write a business proposal for the need of an IT intern for a semi-conductor manu...,18,128,0.0,5.0,102.29887440800667,5.580564267933369,5.682927839457989,22.52360114644849,44.39787374576554,43.94061232763013,43.09513792395592,44.10761147737503,44.17914338409901,4.691247754514217,508.6863253348656,514.9395601510778,4022.9653136802954,90.86485022026432,2926.3643620208113,5442.88623046875,light
phase_aware,medium,"async get\_file\_type(file\_name: string): Promise {
 const file\_type\_extensio...",201,128,0.0,5.0,129.34090569615364,5.629237417131662,5.758642066270113,22.22746239946563,44.98939114273526,44.323884068042275,43.66646707057953,44.271400570869446,44.74461786448955,6.875500415079296,560.4872413326855,570.6358078880328,4458.092249125256,99.3608391304348,3286.0873678240564,5467.8203125,light
phase_aware,short,"now a similar, more gracile, closely-related one",11,128,0.0,5.0,100.5977988243103,5.58604859188199,5.686704110354185,22.508644289570356,44.42737586214207,43.983794514119154,43.26076805591583,44.15220320224762,44.34051811695099,5.794063989764079,508.00482134388193,517.1888243328222,4040.537690100173,91.2853744493392,2941.0998131627084,5442.05615234375,light
phase_aware,long,covert this into instagram text video reel which will have a bacground song'How ...,368,128,0.0,5.0,314.4369125366211,5.611730430275202,5.926293432712555,21.598660520832908,46.299167443066835,44.18601556204435,43.52506995201111,44.241730123758316,44.50852647423744,23.897265473578123,522.0445547606646,549.0318760366887,4289.31153153663,93.14737288135592,3253.724001306082,5494.8125,light
phase_aware,medium,"Now I get this:
UDP server listening on 0.0.0.0:50055
Received 8 bytes from 10.1...",171,128,0.0,5.0,133.6362585425377,5.595490425825119,5.729187164455652,22.341738247638776,44.75927472230978,44.05813156737117,43.652866035699844,44.27169784903526,45.24493515491484,6.269987524963916,512.7100723607726,520.557692273818,4066.8569708892032,91.44272368421052,2982.3724489338133,5463.71533203125,light
phase_aware,long,Below is some data from a file. What file format do you think this data is from?...,972,128,0.0,5.0,515.5407562851906,5.5637697242200375,6.079466983675957,21.05447736515293,47.49583580996841,43.80836795399508,43.313927948474884,44.2003957927227,44.239694997668266,40.408741143902766,531.1311608360819,574.6372612028141,4489.353603146985,95.0227644628099,3493.4882570724853,5650.587890625,light
phase_aware,medium,Please write a program which asks for tomorrow's weather forecast and then sugge...,253,128,0.0,5.0,201.71751827001572,5.610054615885019,5.811897061765194,22.02378993290768,45.40544579504058,44.17282410376654,43.46659779548645,44.18759047985077,44.33818720281124,13.628108035549522,580.7597833497822,597.6686379541345,4669.286234016676,103.1074224137931,3473.58860083484,5476.45703125,light
phase_aware,short,"the last response got cut, could you generate again the javascript file?",14,128,0.0,5.0,85.4954719543457,5.627540551126003,5.713095270097256,22.40466751359128,44.63355679763481,44.31050188663438,42.954929172992706,43.949490785598755,44.11486312747002,3.0017355986163023,522.5191167002749,527.0233918048943,4117.370248475737,92.56394298245614,3010.9348469511547,5442.41162109375,light
phase_aware,long,"You are AdventBot, a chatbot that solves small coding puzzles from Advent of Cod...",420,128,0.0,5.0,429.2532801628113,5.595116805285215,6.024559311568737,21.246367307598145,47.06686962163076,44.05516726294841,43.368250131607056,44.154856353998184,44.27712373435497,38.15598147562146,512.9329099748525,553.3049861149209,4322.69520402282,92.27604583333333,3333.4187062360575,5502.35107421875,light
phase_aware,medium,"having this documentation site structure, how would you organize this better for...",211,128,0.0,5.0,184.86527353525162,5.631887570023537,5.816829603165388,22.005114251644105,45.443981274729595,44.344737627140184,43.80417242646217,44.42160874605179,49.067319184541695,11.54816391567886,514.7726320949178,529.3233898899985,4135.338983515613,91.34987500000001,3078.9839639599977,5469.3681640625,light
phase_aware,long,Please make the following this to a dialogue for me as a chairman and Dr.Hasan a...,445,128,0.0,5.0,446.68687134981155,5.639874391257763,6.086736556142569,21.029331369833297,47.55262934486382,44.407624839328406,43.20406913757324,44.10862997174263,44.27640996873378,34.75102147496119,520.4543969384861,557.5313374648224,4355.713573943925,91.8364279835391,3393.546372942193,5506.05029296875,light
phase_aware,short,I have significant teeth overbite which makes it difficult for me to quickly and...,29,128,0.0,5.0,98.17042946815491,5.503723729401827,5.601953394711018,22.84917259769581,43.765260896179825,43.33556725049582,43.03763434290886,43.89218911528587,44.05367858707905,3.1188738795518876,585.1387819884308,589.8170950036533,4607.9460547160415,105.8729147982063,3304.1278776143067,5444.54833984375,light
phase_aware,medium,You are a professional developer that builds very robust SAAS. You are also an e...,201,128,0.0,5.0,169.25647109746933,5.574733443558216,5.744107808917761,22.283704320674353,44.87584225717001,43.894706748601955,43.36227476596832,44.17137876152992,44.35917474329471,9.271015578124672,521.2793419610168,533.2567073647958,4166.068026287468,93.23458515283843,3063.084016931897,5467.8203125,light
phase_aware,medium,"cs3492 Based on the syllabus outlined below, Write multiple choice questions and...",129,128,0.0,5.0,193.06063652038574,5.503257934004068,5.696382462978363,22.47040131730814,44.50298799201846,43.33190244483197,43.212246149778366,44.062499701976776,44.18276026844978,11.487116979496554,507.98932627086344,521.4397073507403,4073.7477136776583,91.72477533039648,2970.320004453327,5457.60205078125,light
phase_aware,medium,"hi could you pleasse help me, i need to send an email this is the information , ...",151,128,0.0,5.0,126.0538399219513,5.558805663138628,5.684936888515949,22.51564133606668,44.41356944153085,43.76928440815821,43.20192337036133,44.12931129336357,44.21319104731083,8.33395118298754,516.324286342537,527.7003896422777,4122.659294080295,92.83822026431717,2999.9434111616247,5461.02978515625,light
phase_aware,long,I am a product designer. My company is a one-to-one online tutoring platform. We...,964,128,0.0,5.0,562.7374947071075,5.498522214591503,6.061480358242989,21.11695368705323,47.35531529877335,43.29462261415842,42.98790171742439,43.84720101952553,43.965158239006996,47.032606120899324,520.6710703921243,570.5213920385465,4457.198375301145,94.39000826446281,3458.2042117990977,5648.150390625,light
phase_aware,short,I wrote a script to run on a website. I run it in the chrome console. What's the...,29,128,0.0,5.0,73.5938772559166,5.540303032845259,5.613959658890963,22.80030633944498,43.859059835085645,43.623604613730286,42.77348890900612,43.93712803721428,44.04691569507122,1.5797016077414154,574.9940310799759,579.3827641725895,4526.427845098356,103.53645982142858,3252.631465121654,5444.54833984375,light
phase_aware,medium,"Okay so the browser console says it has posted successfully...

Token being sent...",195,128,0.0,5.0,154.55490350723267,5.710119169205427,5.864780008792877,21.825200571563418,45.81859381869435,44.96073951636712,43.379224836826324,44.20487806200981,44.40264590084553,10.80771888133511,518.6775439874958,533.186143345477,4165.5167448865395,91.23732905982904,3127.019434457927,5467.3447265625,light
phase_aware,long,where in this code should the exploration/exploitation 'recommend\_items' functi...,908,128,0.0,5.0,565.1992484927177,5.544871155172586,6.110295940190554,20.948248865996536,47.7366870327387,43.659566894290954,43.08374226093292,44.02704834938049,44.144583120942116,42.31203836404905,520.881010245366,565.0850712092537,4414.727118822294,92.6997418032787,3452.8370164721928,5629.0869140625,light
phase_aware,medium,I am a digital marketing agency and looking to create an shared mailbox for my b...,75,128,0.0,5.0,114.80436101555824,5.57937067002058,5.694247100502253,22.478827795989034,44.48630547267385,43.93121623617458,43.435849249362946,43.98350715637207,44.17289309203625,4.533432296574116,521.6796860942095,527.7275988447516,4122.871865974622,93.08048898678415,3005.0113495767428,5449.6513671875,light
phase_aware,long,Please summarize this data with the highest quality data: The consumer electroni...,286,128,0.0,5.0,240.28952792286873,5.836700886487961,6.077094215899706,21.062697969221755,47.47729856171645,45.95743242915221,43.49518194794655,44.200798124074936,46.572150290012324,15.134768698271365,528.3349409511331,545.8986266200598,4264.8330204692165,90.2832561983471,3317.4773863003584,5481.25146484375,light
phase_aware,short,Give me a pitch deck for a presentation to venture capitalists and angel investo...,18,128,0.0,5.0,73.79753142595291,5.532015059143305,5.605872258543968,22.833199562282903,43.79587701987475,43.55816147106839,42.699214071035385,43.72621849179268,43.809882923960686,1.7694960813224314,568.5787906857208,572.4137318897917,4471.982280388998,102.27920535714284,3208.8782600106083,5442.88623046875,light
phase_aware,long,You made a mistake. Xiao (Chinese: 魈 Xiāo) is a playable Anemo character in Gens...,818,128,0.0,5.0,750.181294977665,5.523213218897581,6.273602891713381,20.402949024566325,49.01252259151079,43.48903413363329,43.30189526081085,44.188667833805084,44.38306242227554,58.79488435435669,510.7489401363283,571.0135097774006,4461.0430451359425,91.18857200000001,3582.312006146907,5598.1630859375,light
phase_aware,long,Write a 500-800 word linkedin article about putting the human in the center of c...,367,128,0.0,5.0,361.5560382604599,5.615993682295084,5.977667983621359,21.413032699493577,46.700531122041866,44.219579694308635,43.06536540389061,44.109153002500534,44.35582719743252,28.361058366896586,522.1447652700729,552.0875246693511,4313.183786479305,92.86190336134455,3300.195920372747,5494.7373046875,light
phase_aware,short,can please write another email when the cart is about to close?Share Prompt,15,128,0.0,5.0,73.84325936436653,5.533327989280224,5.607233427464962,22.82765675012552,43.806511152070016,43.56867544294342,42.79840737581253,43.78848224878311,43.87820400297642,1.4691007539331913,545.5020220569838,548.4396956559588,4284.685122312178,98.01564285714286,3075.229394430802,5442.53076171875,light
phase_aware,medium,"When I ask you anything, you'll answer me in this format:

A: [Answer as you nor...",177,128,0.0,5.0,139.84385132789612,5.849153451621532,5.989081047475338,21.37222705542742,46.78969568340108,46.05551169613215,43.026745319366455,44.08312886953354,44.243087992072105,6.30726375647448,556.5574818389025,564.4442712645978,4409.72086925467,94.6211841004184,3380.502487386831,5464.52099609375,light
phase_aware,medium,E0129 00:14:33.428052 22066 memcache.go:238] couldn't get current server API gro...,84,128,0.0,5.0,146.3380977511406,5.513111349195242,5.659512732177973,22.616788062378163,44.21494322014041,43.409489124544024,43.0016815662384,44.00171488523483,44.25923302769661,7.772928571268917,554.6402333061862,565.2288794024716,4415.85062033181,100.22497345132744,3198.9200395729763,5450.71875,light
phase_aware,short,list me all the msal libraries,7,128,0.0,5.0,81.49169385433197,5.544043775647879,5.625593576580286,22.753154535171607,43.949949817033485,43.6530516255559,42.840972542762756,43.88157203793526,44.02146227657795,3.0218821969628333,513.6614732849021,518.1919056031722,4048.3742625247833,92.64004017857143,2915.137055597104,5441.58154296875,light
phase_aware,medium,"I want you to act as an English editor, spelling corrector and improver. I will ...",175,128,0.0,5.0,148.29042926430702,5.547090068459511,5.695441648364067,22.474113142176805,44.495637877844274,43.67704014843843,43.03864389657974,44.00684013962746,44.08533349633217,6.288839727640153,511.89514989653975,519.7502322321609,4060.548689313757,91.71297797356827,2960.207119401945,5464.25244140625,light
phase_aware,long,"Good evening, here is some code:
export class Body extends React.Component{
 ren...",342,128,0.0,5.0,282.7136851847172,5.61291191726923,5.895752176642418,21.710546197498914,46.06056388001889,44.19531497195011,42.827580124139786,43.97951439023018,44.03338544070721,23.31168794617057,519.8817475132029,545.1427169015873,4258.927475793651,92.62628085106383,3214.0263597532944,5489.6474609375,light
phase_aware,long,"I have a model.pth now and template with index.html, style.css, main.js and have...",280,128,0.0,5.0,218.82003173232079,5.5101983696222305,5.7291275933384895,22.341970555662133,44.75880932295695,43.38656530136198,42.93735697865486,43.910471349954605,44.038672372698784,15.08837873263657,528.6040951185263,546.1950001393798,4267.148438588904,95.9670394736842,3129.2208466420407,5480.61962890625,light
phase_aware,short,You can only get answer from the choices I give. But try to explain your choice....,56,128,0.0,5.0,103.85780036449432,5.531022384762764,5.634950183331966,22.715373842810646,44.02304830728099,43.55048658106271,42.98289492726326,43.94129291176796,44.11037117242813,5.885002568766475,545.5610203369949,554.0534640258904,4328.542687702269,98.71583555555554,3122.0636686884022,5447.39501953125,light
phase_aware,long,I writing this piece of content that could start on Twitter and graduate to long...,327,128,0.0,5.0,223.692886531353,5.643519859761,5.867328085005283,21.815722275207445,45.838500664103776,44.43632987305874,43.1339368224144,44.037534296512604,49.3706803768873,13.933493930302559,524.2379294589405,540.8393859998491,4225.307703123822,92.55181623931624,3173.282118953928,5488.1953125,light
phase_aware,short,"I want to improve my English listening ability.
Can you give me 20 TV shows from...",45,128,0.0,5.0,79.80336993932724,5.537194013595581,5.61705506965518,22.787741692526733,43.883242731681094,43.599114789972155,42.88005456328392,43.73503550887108,43.94008778035641,3.129065146781504,529.6426243984495,534.338032240482,4174.515876878766,95.5264107142857,3001.4061529059722,5446.33837890625,light
phase_aware,short,Let's update the outline so that we consider the following principals as themati...,62,128,0.0,5.0,106.10323026776314,5.490827489644289,5.5969887264072895,22.86944038248283,43.72647442505695,43.23403487407317,42.63325780630112,43.85172575712204,43.963365256786346,4.679146540481597,512.2176232599076,518.4648399840836,4050.506562375653,93.11834529147981,2901.841864429475,5448.10693359375,light
phase_aware,short,"Suggest a study plan which I can follow
and some online lecture materials which ...",24,128,0.0,5.0,87.11867034435272,5.486730385571718,5.5739076770842075,22.96414067391921,43.54615372722037,43.20178365730864,42.424675077199936,43.587858229875565,43.71075741946697,3.446018299249932,545.3500249969643,550.5711472231485,4301.337087680848,99.35942792792792,3068.832744288167,5443.59814453125,light
phase_aware,short,Write a report on Marshall AI,6,128,0.0,5.0,98.20486232638359,5.493487395346165,5.591749273240566,22.89086898308311,43.685541197191924,43.25497663748546,42.55009442567825,43.65121126174927,43.852268159389496,3.87283683784306,559.0020013284199,564.8111495869533,4412.587106148073,101.50473094170404,3158.282335221015,5441.46240234375,light
phase_aware,long,rewrite my generateScreenshot function so the logic is similar to this rest endp...,510,128,0.0,5.0,380.959440022707,5.582303486764431,5.963466286659241,21.464026766839684,46.58958036452532,43.95431297735905,42.71151125431061,43.773091584444046,43.88192370533943,28.305384201783685,521.4756875302605,551.8775012649187,4311.542978632177,92.83061764705882,3291.102873159085,5516.7890625,light
phase_aware,short,can you show it in code?,7,128,0.0,5.0,84.4348780810833,5.493965484201908,5.578457657247782,22.945410338231515,43.581700447248295,43.258743844633024,42.5378754734993,43.570585548877716,43.747661635279655,3.150302659548819,516.1124837995096,521.7846272461154,4076.4424003602767,94.13649549549548,2910.753449295272,5441.58154296875,light
phase_aware,short,Which party has the higher conditional probability of retweeting a MoC? Why did ...,48,128,0.0,5.0,87.49230951070786,5.514183651655912,5.601734451949596,22.850065653406972,43.76355040585622,43.4178963420898,42.80201345682144,43.71641203761101,44.02468353509903,3.018238856434822,529.4660603373236,534.2364424969517,4173.722207007435,95.94534977578473,2992.6506854221634,5446.47705078125,light
phase_aware,long,"Web search results:

[1] ""The World Economic Forums Annual Meeting 2023 was held...",416,128,0.0,5.0,353.91734540462494,5.546574242413044,5.900617994368076,21.69264306250147,46.098578081000596,43.67295403297492,42.67844930291176,43.894295394420624,44.121339172124856,27.993308499554175,548.5280128729399,579.0229088437966,4523.616475342161,98.67608085106383,3416.5929950750524,5501.75927734375,light
phase_aware,medium,Write a story about a mother taking her toddler daughter to the bathroom after a...,94,128,0.0,5.0,131.63794949650764,5.466694541275501,5.598393008112907,22.863703890475158,43.73744537588209,43.04399077347883,42.688991874456406,43.837303668260574,43.89519318938255,7.910669834025205,533.9944930742067,543.941183940487,4249.540499535055,97.769331838565,3045.1965209970795,5452.5556640625,light
phase_aware,medium,"we currently named our business ""muscles and meows"" because we jokingly admit to...",143,128,0.0,5.0,200.42261853814125,5.497779238969088,5.698261875659227,22.462990082426106,44.517670903587714,43.288762761851935,42.85629093647003,43.88204216957092,44.115257635712624,9.745447185453028,513.6760099643618,525.2076809334271,4103.1850072924,92.64787665198237,2992.7709050663434,5458.84130859375,light
phase_aware,medium,"Now I get this:
UDP server listening on 0.0.0.0:50055
Received 8 bytes from 10.1...",171,128,0.0,5.0,147.20657840371132,5.5539686270058155,5.701252326369286,22.451207677298843,44.541033799760044,43.73119498683712,42.78970882296562,43.99089738726616,44.37543302774429,6.467408943772316,519.8323055434674,528.5912497147173,4129.619138396229,93.25826431718062,3013.63209213448,5463.71533203125,light
phase_aware,medium,Rewrite the documents above (Month 4 and Month 11) and label the months with the...,82,128,0.0,5.0,120.40134891867638,5.540151488035917,5.660619121044874,22.612367527807262,44.22358688316308,43.62241269683275,42.72081330418587,43.97936686873436,44.13723647594452,5.164310707345605,516.1412081949227,523.1893690349534,4087.4169455855736,92.70737168141592,2961.5757462866604,5450.4814453125,light
phase_aware,medium,Please write a program which asks for tomorrow's weather forecast and then sugge...,253,128,0.0,5.0,193.7897987663746,5.57758017256856,5.771458808332682,22.17810162920975,45.089521940099075,43.91713543083724,42.712755501270294,43.979476392269135,44.18757483363151,9.902250816697254,536.7038588626087,549.3399279970657,4291.718187477076,95.67176521739131,3170.492766207506,5476.45703125,light
phase_aware,medium,"having this documentation site structure, how would you organize this better for...",211,128,0.0,5.0,162.12764382362366,5.548201892524958,5.710426978766918,22.415136464566036,44.61271077161655,43.68579370064998,42.76668280363083,43.846019357442856,46.585369110107386,13.438586075732484,544.0340486341137,560.4360252494961,4378.406447261688,98.47937280701757,3200.3289984576204,5469.3681640625,light
phase_aware,medium,"hi could you pleasse help me, i need to send an email this is the information , ...",151,128,0.0,5.0,116.26818776130676,5.560809824615717,5.677141699939966,22.546557187634328,44.352669530780986,43.78506582318328,42.96284541487694,43.851713836193085,46.570822224020915,7.888642880637199,519.2390657256748,530.7989946258981,4146.867145514829,94.03865929203539,3013.421106676896,5461.02978515625,light
phase_aware,medium,"When I ask you anything, you'll answer me in this format:

A: [Answer as you nor...",177,128,0.0,5.0,131.37036561965942,5.598050240427256,5.729505229741335,22.340497978004063,44.76175960735418,44.07827799597124,42.65040531754494,43.861155956983566,44.25774440169334,6.069264496944845,513.9657601769138,522.2553425511941,4080.1198636812037,91.7622105263158,2992.2647164074187,5464.52099609375,light
phase_aware,medium,You are a professional developer that builds very robust SAAS. You are also an e...,201,128,0.0,5.0,170.61478272080421,5.552456192672253,5.723179783672094,22.365189429340784,44.71234205993824,43.71930230555572,43.118786066770554,43.93248036503792,44.07330974936485,7.802057709880174,510.38120678726216,519.7833873569145,4060.8077137258947,91.27636403508772,2974.813774409695,5467.8203125,light
phase_aware,medium,"async get\_file\_type(file\_name: string): Promise {
 const file\_type\_extensio...",201,128,0.0,5.0,161.7853045463562,5.515445105731487,5.6773248836398125,22.545829703854714,44.354100653436035,43.42787833077701,42.8459495306015,43.84598731994629,44.20989006757736,12.435780672587455,521.1764780783578,536.8424028769919,4194.081272476499,95.22728761061946,3047.828732446535,5467.8203125,light
phase_aware,medium,Write a story about a mother taking her toddler daughter to the bathroom after a...,94,128,0.0,10.0,156.5888114273548,6.485655419528484,6.642316188663244,19.270386468271965,51.893095223931596,51.06731771132139,50.50685629248619,51.74954831600189,51.82459577918053,13.022074768353253,584.865506161945,601.1740759125184,4696.67246806655,90.85205660377359,3993.1882966383873,5452.5556640625,medium
phase_aware,medium,"we currently named our business ""muscles and meows"" because we jokingly admit to...",143,128,0.0,10.0,205.12093603610992,6.509293913841248,6.714472606778145,19.06329915930943,52.45681724045426,51.253442777188745,50.48348754644394,51.77745968103409,51.98158100247383,11.50691276755184,562.721886489993,576.2792107039373,4502.18133362451,86.05137686567164,3869.410974127318,5458.84130859375,medium
phase_aware,medium,"Now I get this:
UDP server listening on 0.0.0.0:50055
Received 8 bytes from 10.1...",171,128,0.0,10.0,140.7938413321972,6.510278698056936,6.651159930974245,19.244763519203318,51.96218696073629,51.26119472497091,50.554800778627396,51.84241160750389,52.0224917680025,7.432960618179292,573.5151602240577,583.4341358244681,4558.079186128657,88.0725924528302,3880.5137465582875,5463.71533203125,medium
phase_aware,medium,Rewrite the documents above (Month 4 and Month 11) and label the months with the...,82,128,0.0,10.0,174.87650364637375,6.465001106262207,6.639937214553356,19.277290712847513,51.874509488698095,50.90452698389377,50.44921115040779,51.57981663942337,51.7403569072485,7.494433610569686,549.5329090857394,558.5163919028192,4363.409311740776,84.33146037735848,3708.5137755335963,5450.4814453125,medium
phase_aware,medium,Please write a program which asks for tomorrow's weather forecast and then sugge...,253,128,0.0,10.0,226.79943591356277,6.748726885765791,6.975611627101898,18.34964542789191,54.49696583673358,53.138618951472715,51.26091092824936,57.14629590511322,57.67438299953937,12.856029498256742,649.0534176693689,665.1498180720378,5196.482953687795,95.64353597122302,4639.826804708019,5476.45703125,medium
phase_aware,medium,"having this documentation site structure, how would you organize this better for...",211,128,0.0,10.0,185.9692856669426,7.298160616308451,7.484196241945028,17.10270493478332,58.470283140195534,57.46483788128913,56.878283619880676,57.391323149204254,57.681941241025925,10.751564937081188,600.8024006831608,614.1898320043163,4798.358062533721,82.42092617449664,4596.717232527552,5469.3681640625,medium
phase_aware,medium,"hi could you pleasse help me, i need to send an email this is the information , ...",151,128,0.0,10.0,154.77286651730537,7.280534576624632,7.4353745356202126,17.21500368095755,58.08886355953291,57.326103289296306,56.97831138968468,57.68568590283394,58.01040418446064,9.22801997710392,596.1458041567839,607.5265368997045,4746.301069528941,82.08368243243244,4517.187342177596,5461.02978515625,medium
phase_aware,medium,"When I ask you anything, you'll answer me in this format:

A: [Answer as you nor...",177,128,0.0,10.0,150.6059691309929,7.332361031323671,7.483047615736723,17.105330150621807,58.46130949794315,57.73419000971035,57.02119693160057,57.5423963367939,57.817356660962105,8.56980836620368,604.7596562420038,615.5267174743042,4808.802480268001,82.59984899328859,4606.015735618344,5464.52099609375,medium
phase_aware,medium,You are a professional developer that builds very robust SAAS. You are also an e...,201,128,0.0,10.0,149.3164598941803,7.299448743462563,7.448840819299221,17.18388177504941,58.194068900775164,57.475046672689636,56.98997154831886,57.51522853970528,57.778869196772575,6.313267087150365,654.243719344128,662.7153113852553,5177.463370197307,89.21352861952863,4936.460863021083,5467.8203125,medium
phase_aware,medium,"async get\_file\_type(file\_name: string): Promise {
 const file\_type\_extensio...",201,128,0.0,10.0,173.59231412410736,7.486036252230406,7.659744039177895,16.71074116123311,59.8417503060773,58.94417089857455,56.93593993782997,57.50376209616661,57.97631815075874,8.192362529750913,611.9526137466914,623.0425731509774,4867.520102742011,81.68276721311474,4772.346635847257,5467.8203125,medium
phase_aware,medium,Write a story about a mother taking her toddler daughter to the bathroom after a...,94,128,0.0,20.0,120.28872966766357,8.891714602708817,9.012071132659912,14.203172402415428,70.40680572390556,70.01253754252524,69.66623291373253,71.20096758008003,71.54132165014744,4.508857995787635,692.1626534272469,698.1679313792866,5454.436963900677,77.7011643454039,6291.939060132156,5452.5556640625,heavy
phase_aware,medium,"we currently named our business ""muscles and meows"" because we jokingly admit to...",143,128,0.0,20.0,238.11997845768929,8.938595660030842,9.17678963020444,13.948233005004434,71.69366898597218,70.38167620620389,69.75821405649185,71.24347910284996,71.53523303568363,14.238527464989572,747.207161742812,763.8741185661871,5967.766551298337,83.5627397260274,7009.912090039742,5458.84130859375,heavy
phase_aware,medium,"Now I get this:
UDP server listening on 0.0.0.0:50055
Received 8 bytes from 10.1...",171,128,0.0,20.0,165.962066501379,8.957917544990778,9.12394854053855,14.029013801566737,71.28084797295742,70.5336109390409,69.7849839925766,71.40789851546288,72.24859967827797,7.877315151752905,692.0638486603909,701.6677129644286,5481.779007534598,77.23939393939393,6401.98010564482,5463.71533203125,heavy
phase_aware,medium,Rewrite the documents above (Month 4 and Month 11) and label the months with the...,82,128,0.0,20.0,200.47242939472198,8.94978890195489,9.150347795337439,13.988539328004824,71.48709215107374,70.4697391062271,69.68219205737114,71.20625823736191,71.58913165330887,9.900335860554128,695.5845294852033,707.213316826934,5525.104037710422,77.61049999999999,6471.247814460613,5450.4814453125,heavy
phase_aware,medium,Please write a program which asks for tomorrow's weather forecast and then sugge...,253,128,0.0,20.0,189.25106897950172,9.02469215914607,9.21403918042779,13.891844553026658,71.9846810970921,71.05962500914814,69.99445334076881,71.65124639868736,72.48676158487797,11.383015584178269,716.5324616462756,730.5962007772569,5707.782818572319,79.56509264305177,6731.742019033332,5476.45703125,heavy
phase_aware,medium,"having this documentation site structure, how would you organize this better for...",211,128,0.0,20.0,167.45732724666595,8.96819407865405,9.135724574327469,14.01093027253646,71.37284823693335,70.61473799385423,69.95563209056854,71.18849605321884,71.95558175444603,15.171403888072817,727.7041330234166,746.970250654241,5835.705083236257,82.01575,6824.114475193499,5469.3681640625,heavy
phase_aware,medium,"hi could you pleasse help me, i need to send an email this is the information , ...",151,128,0.0,20.0,171.69515788555145,8.98590674251318,9.157693404704332,13.977318779229499,71.5444797242526,70.75401495291491,69.56058368086815,71.16360142827034,72.15626686811447,7.530161285161973,698.6128704149797,708.0645625817888,5531.754395170225,77.50568219178082,6484.238174860105,5461.02978515625,heavy
phase_aware,medium,"When I ask you anything, you'll answer me in this format:

A: [Answer as you nor...",177,128,0.0,20.0,178.84773388504982,8.952122513204813,9.131042890250683,14.01811398089774,71.33627258008346,70.48813854967516,69.79384273290634,71.44620791077614,71.95573262870312,10.517877209510655,693.1418922973182,705.7785066903625,5513.894583518457,77.46191483516485,6444.493815606778,5464.52099609375,heavy
phase_aware,medium,You are a professional developer that builds very robust SAAS. You are also an e...,201,128,0.0,20.0,239.99947309494019,9.006926648318768,9.247016414999962,13.84230266882256,72.2423157421872,70.9197286545761,69.58543136715889,71.33407145738602,72.28830568492413,15.396070112323388,749.5805089329835,766.7126895136945,5989.942886825738,83.19614402173913,7089.804825521902,5467.8203125,heavy
phase_aware,medium,"async get\_file\_type(file\_name: string): Promise {
 const file\_type\_extensio...",201,128,0.0,20.0,190.904401242733,9.352969996631145,9.543975055217743,13.4116025303337,74.56230511888862,73.64427967099694,69.86109912395477,71.57184854149818,72.19313383102417,10.100768722815438,715.4996299559361,727.5168669667487,5683.725523177724,76.46975,6943.402830580815,5467.8203125,heavy
