bucket,prompt,input_tokens,generated_tokens,ttft_ms,decode_time_s,total_time_s,tokens_per_sec,ms_per_token,tbt_mean_ms,tbt_p50_ms,tbt_p90_ms,tbt_p95_ms,energy_prefill_j,energy_decode_j,energy_total_j,energy_per_token_mj,avg_power_w,edp,peak_mem_mb,model
short,Why do IT companies file patents on software?,11,128,99.83351081609726,6.078839525580406,6.17874825373292,20.716170127609292,48.271470732288435,47.86429765421575,51.218390464782715,51.654041558504105,52.16115787625313,8.977608971033368,544.6940328839756,550.3255539855827,4299.418390512365,89.92580645161293,3400.323055673021,4078.18896484375,Mistral-7B
long,"Part 8 The builder relied on an amended Notice of Appeal dated 27 October 2021, although leave to am...",798,128,114.90107700228691,5.157930187880993,5.272896386682987,24.275083486046036,41.19450302096084,40.61309673537419,40.60688242316246,40.71463495492935,40.86490087211132,3.3190743164755405,602.7256796162371,609.3676296712849,4760.6846068069135,116.05092452830189,3213.132372655295,4244.09033203125,Mistral-7B
long,"Can you give step by step explanation for the below given code:

# https://deeplearningcourses.com/c...",528,128,105.53354024887085,5.15540811046958,5.26100442931056,24.329954806134623,41.10159710398875,40.593247714005116,40.57689011096954,40.7081164419651,40.75651243329048,3.1682696926966307,576.5056402173918,582.8556644425933,4553.55987845776,112.05760952380952,3066.406232281233,4191.87060546875,Mistral-7B
long,"“list up” stage : 1. The ""listed"" contents have numbers. 2. Look at the title of the subject and lis...",279,128,480.89273646473885,5.395936049520969,5.876993618905544,21.77984328385864,45.914012647699565,42.48714103825449,40.83431884646416,41.08466058969498,41.193071752786636,43.84740811940283,578.1020535461715,629.4109176686145,4917.272794286051,107.75016101694915,3699.0439468079303,4131.66943359375,Mistral-7B
long,"-- LABORATION 1 - INSTRUKTIONER --
-- 1. Skapa en vy (MovieGenre) som listar alla filmer och deras g...",1110,128,143.9981609582901,5.174691870808601,5.318753615021706,24.065788578453947,41.552762617357075,40.74507288810775,40.751609951257706,40.873295813798904,40.914689004421234,6.144805253192782,607.493016833095,621.0065028035679,4851.613303152873,116.53769158878508,3302.9805817384636,4308.46875,Mistral-7B
short,what is git flow,5,128,94.86999735236168,5.415037270635366,5.509979426860809,23.230576756059726,43.04671427235007,42.63754678875443,40.56382551789284,41.21442958712578,47.735805436968796,9.474544167038328,539.5080161774177,543.7584100190569,4248.112578273882,99.86870909090912,2996.097652387548,4077.08447265625,Mistral-7B
long,"Here is some information about a product. 

A belt bag specifically for portable, battery opearted b...",499,128,608.6553558707237,5.224715285003185,5.833537198603153,21.942090303401123,45.574509364087135,41.13895821524417,40.82312062382698,41.01877734065056,41.2212498486042,51.326803108692175,531.3888014973924,587.5203280136454,4590.002562606605,101.39858974358974,3427.3216884031267,4178.68359375,Mistral-7B
long,"create text based rtf for mindmeister below:
Competitive analysis and market differentiation:
a. Con...",773,128,119.77013573050499,5.14617220684886,5.266016352921724,24.30679880608085,41.14075275720097,40.520518020851405,40.50701484084129,40.63994362950325,40.702882409095764,7.8559983939360825,579.7555479159598,600.2322586283947,4689.3145205343335,115.36544761904763,3160.832889488268,4237.76220703125,Mistral-7B
long,"Introducing Our Domain
Steve and I both have a love for animals. In fact, Steve's wife, Michelle, is...",527,128,99.17808324098587,5.160942975431681,5.260183863341808,24.33375017402553,41.09518643235788,40.636814837380655,40.56065157055855,40.888841450214386,40.93800075352192,11.286968375112613,588.0376385181008,591.689442992125,4622.573773375977,113.80506666666666,3112.3952601368787,4191.81201171875,Mistral-7B
long,"import { catchError, from, map, mergeAll, mergeMap, Observable, of, pipe, Subscription } from 'rxjs'...",1117,128,140.7572217285633,5.195312604308128,5.336135175079107,23.98739833237122,41.688556055305526,40.907444271046344,40.8821627497673,41.057831794023514,41.13091304898262,6.405378645215183,606.1260496903528,615.7320929915253,4810.4069764962915,115.5323738317757,3285.629679837158,4309.58203125,Mistral-7B
medium,"#Instructions:.
Pretend you are AltHistBot, an AI specifically made to simulate alternate histories....",255,128,401.32686123251915,5.597483940422535,5.998980112373829,21.336960216950896,46.86703212792054,44.074141867752154,40.66619277000427,40.80446735024452,44.52097266912456,25.191382276557384,541.0587123158165,570.205880108986,4454.733438351453,95.990025,3420.653734732423,4126.61328125,Mistral-7B
medium,Can you write again those 10 contextual nudges personalized for each different type of members of An...,215,128,394.48394998908043,5.430620409548283,5.825273387134075,21.973217648927132,45.50994833698496,42.75921952184729,40.6184121966362,40.98023474216461,41.225339099764824,27.759203922362993,544.7083639187551,577.0285684000532,4508.035690625416,99.5080683760684,3361.3491631169045,4118.125,Mistral-7B
long,With the information in this link: https://unitaremail-my.sharepoint.com/:w:/g/personal/michael\_afo...,834,128,152.4297259747982,5.149125382304192,5.301628451794386,24.143525176057405,41.41897227964364,40.54376022435549,40.534861385822296,40.701207518577576,40.742968395352364,5.968768319610506,585.678608006442,599.1677114849481,4680.997745976157,114.06580188679247,3176.5645866051304,4250.1875,Mistral-7B
short,Hello! Can you help me prepare for a techincal programming interview? Please provide me one data str...,39,128,161.7642156779766,5.332099191844463,5.493950232863426,23.298354476226642,42.92148619424552,41.984502167448284,40.535397827625275,40.84962233901024,42.90351010859012,6.806412665210663,564.1775660665819,574.6672918399462,4489.5882174995795,105.51425454545458,3157.193501823067,4083.77685546875,Mistral-7B
short,compile a list of all pokemon mentioned in any prompt above including the gym leader's teams. list t...,55,128,265.8778056502342,5.298968780785799,5.564937707036734,23.001155940729937,43.47607583622448,41.72362507445606,40.6872034072876,41.109949350357056,43.41709427535534,16.969046237207948,525.4376720761154,547.9229823311176,4280.648299461856,99.77504504504502,3049.1572649264585,4086.28857421875,Mistral-7B
medium,"I have a Ruby method that returns a grouping key string:

def grouping\_key\_for\_graphql\_error(err...",135,128,271.73447981476784,5.536526769399643,5.808424435555935,22.036957081933508,45.37831590278074,43.59416194318786,40.88781774044037,41.20233580470085,45.17210163176059,18.326101330563425,535.892665686941,559.7179745299686,4372.7966760153795,97.46585344827587,3251.0795602797443,4103.60791015625,Mistral-7B
long,"can you explain this code to me:
""# tokenize the text
tokenizer = Tokenizer()
tokenizer.fit\_on\_tex...",1183,128,189.94352594017982,5.178247984498739,5.368255455046892,23.843872757519865,41.939495742553845,40.773080471228425,40.76528176665306,40.92307314276695,40.97835160791874,6.067684631995857,615.2345048393627,628.7139001846986,4911.827345192957,117.42517592592593,3375.0968243303155,4324.96923828125,Mistral-7B
long,"what does the following query do?
""""""
---| Network level Query | 
SELECT DISTINCT tcalc.network\_id
...",983,128,138.63887265324593,5.170038498938084,5.3087409771978855,24.111178252957878,41.47453888435848,40.708433543368585,40.69284722208977,40.840885043144226,40.92857874929905,3.1740926129110156,595.9003116931226,602.1510173861626,4704.304823329396,114.6878396226415,3196.663780459318,4282.919921875,Mistral-7B
medium,Hi! My husband and I are planning a three week vacation in Europe this summer. We want to spend time...,130,128,277.6249125599861,5.324487406760454,5.602237064391375,22.848015628182967,43.767477065557614,41.924294406973466,40.7036654651165,40.91281220316887,45.863532274961464,18.658935854004696,574.0497607472408,597.5405181327499,4668.285297912108,107.708625,3347.5636381589175,4102.97998046875,Mistral-7B
medium,"Django System to deal with this: 3. Main Specification
In the main the PoR system must 
• Be accessi...",156,128,301.7689138650894,5.300657130777836,5.602525103837252,22.84684095611297,43.76972737372853,41.73692007820437,40.79684242606163,40.971387177705765,42.01084747910498,20.854565092407167,517.7943068332859,542.9741822277083,4241.985798653971,98.00609821428573,3042.0264866662383,4106.77392578125,Mistral-7B
short,"I want to improve my English listening ability.
Can you give me 20 TV shows from the USA?
The 10 TV ...",48,128,129.0336400270462,5.416018854826689,5.545113746076822,23.083385817028592,43.321201141225174,42.64528236872568,40.434472262859344,40.85177779197693,48.19145053625104,4.1247683696448805,540.0298590344694,549.0764340438229,4289.659640967367,99.99119819819819,3044.691282063246,4085.18701171875,Mistral-7B
medium,"I am making a shipping and delivery website called ""Shipeasy"". As a part of HCI, i want to prepare a...",120,128,247.4272958934307,5.282263275235891,5.529778651893139,23.14740029534071,43.20139571791515,41.59209800986793,40.71655869483948,40.98895713686943,43.9344801008701,12.804614725781605,526.0450877481829,544.4094522992633,4253.198846087995,99.08790990990994,3010.463767213302,4098.2548828125,Mistral-7B
long,Create a 2000 words conversational article news and Rephrase this with 100% no plagiarism and unique...,881,128,118.72710287570953,5.134208790957928,5.253000196069479,24.36702745523884,41.039064031792805,40.426250869833574,40.410760790109634,40.56348726153374,40.66261686384678,3.340961440578103,595.1541950635016,607.5711903701535,4746.649924766824,116.8256761904762,3191.5715821405834,4260.759765625,Mistral-7B
long,"convert the below to use work manager

open class TripDataSyncTask(private val application: Applicat...",906,128,132.86011293530464,5.176540106534958,5.309465110301971,24.107889842169072,41.48019617423415,40.759628477293674,40.74854031205177,40.891991555690765,40.945181250572205,3.381628685025498,629.9505892939718,636.921156207351,4975.94653286993,121.20494339622644,3381.710656896122,4274.37646484375,Mistral-7B
short,Which party has the higher conditional probability of retweeting a MoC? Why did we need to calculate...,52,128,174.00198057293892,5.227062106132507,5.401128746569157,23.69875002170735,42.196318332571536,41.15743421780781,40.46585410833359,41.17049798369408,43.32179054617881,7.754885726241396,518.8974063299055,531.0646912264637,4148.942900206747,99.38638888888889,2868.3487700711257,4085.81396484375,Mistral-7B
short,can you show it in code?,8,128,99.88515451550484,5.217574167996645,5.317526251077652,24.071343319472934,41.543173836544156,41.0827275688254,40.57884216308594,40.92542827129364,42.40997284650801,10.134563417056139,534.1547402033173,537.2582232319414,4197.329868999543,101.46215887850467,2856.884705643186,4077.63623046875,Mistral-7B
medium,"let alreadyAppliedCandidates = [];

function hasCandidate(name) {
 alreadyAppliedCandidates.forEach(...",197,128,332.8169472515583,5.320156659930944,5.653147306293249,22.642254493794397,44.16521333041601,41.89045560054892,40.82531854510307,40.982141345739365,41.0845085978508,24.231288518853486,527.5934292845149,556.7021851821934,4349.235821735886,99.5633539823009,3147.119458570282,4114.6240234375,Mistral-7B
medium,"Act as an interviewer. You ask questions and I answer. Don’t write “Sure, I can do that”. Address wi...",119,128,275.83057805895805,5.236641552299261,5.512563049793243,23.219689070912455,43.066898826509714,41.23286401310305,40.71818292140961,41.059720516204834,41.85096174478531,15.976472683653235,518.4286867482979,539.0188956735973,4211.085122449978,98.98868181818182,2971.3756474306315,4098.0712890625,Mistral-7B
short,Can you give 26 name of woman moderately know who's profil would make a good feature?,24,128,123.63826856017113,5.296120777726173,5.419831115752459,23.61697205434587,42.34243059181608,41.70117383514802,40.51971063017845,41.15716740489006,47.6187817752361,3.2469090767502786,582.0947317656222,590.1018764447997,4610.170909724998,109.28653211009176,3198.252511419438,4080.58154296875,Mistral-7B
long,"# %%time
import os
import numpy as np
import numba as nb
import numba.cuda as cuda
import matplotlib...",1159,128,162.61302679777145,5.181441821157932,5.34411970898509,23.951559278283582,41.75093522644602,40.79823682862004,40.780432522296906,40.92577248811722,40.96180833876133,10.838866228960454,594.3956786876432,617.7328742033802,4826.038079713908,116.50636448598135,3301.2384279182916,4319.27587890625,Mistral-7B
short,"[
 {
 ""code"": ""410370046001"",
 },
 {
 ""code"": ""410370046002"",
 }
]
]",50,128,121.53800576925278,5.2955064214766026,5.4171331860125065,23.628734167088002,42.32135301572271,41.69635668279618,40.606796741485596,40.95781520009041,43.774846568703644,4.31554938064143,526.071587297544,535.8288866602145,4186.163177032926,99.3610366972477,2902.656443951182,4085.50048828125,Mistral-7B
medium,"M-Dot, Inc. MicroTurbine is about the size of a soda can and spin at 100,000 rpm. What would the sin...",147,128,273.7828716635704,5.346231583505869,5.6201310604810715,22.775269584023448,43.90727391000837,42.095785183230724,40.728021413087845,40.989840775728226,50.37675537168966,21.63161016626656,531.8618957648315,558.6569907215536,4364.507740012137,99.89769026548672,3139.7255057090892,4105.15283203125,Mistral-7B
medium,"cs3492 Based on the syllabus outlined below, Write multiple choice questions and answers from the Su...",147,128,328.070767223835,5.6182530373334885,5.946430202573538,21.525519620932112,46.456485957605764,44.23769047175805,40.77746719121933,41.04534164071083,51.57585144042954,20.574343370806428,543.1054426297453,566.9897777040322,4429.607638312752,96.25972268907563,3371.5651386897134,4105.15283203125,Mistral-7B
medium,"rewrite more efficiently, such that all the inference parameters themselves are stored in a dict in ...",73,128,134.40805673599243,5.814245522022247,5.9487324096262455,21.517189072561116,46.47447195020504,45.780927353487236,40.51840305328369,40.91423973441124,47.287543863058005,3.3449381319880485,607.6613442411143,615.071976925779,4805.249819732649,104.34855462184873,3658.898603391268,4090.111328125,Mistral-7B
medium,"now I'd like a getIRVWinnerOrLoser(electionData, findLoser) function, that returns an object with a ...",183,128,372.12899699807167,5.360148400068283,5.732460133731365,22.328982149707933,44.78484479477629,42.205351456178455,40.65245017409325,40.87807685136795,41.4068903774023,22.269876066813246,528.7519636673983,554.7197066463083,4333.747708174284,97.46927826086957,3179.90860374512,4111.63916015625,Mistral-7B
short,Explain poissons ratio,7,128,89.0132188796997,5.202710885554552,5.291787561029196,24.18842376489985,41.34209032054059,40.96569088617648,40.50961881875992,40.83258435130119,41.902711614966385,8.799052417455979,515.3407037943676,518.3622882584408,4049.7053770190687,98.85107547169811,2743.0631091126475,4077.45263671875,Mistral-7B
medium,When are the QueuePool connections created? I'm curious if this will be faster than using a `scope=f...,71,128,140.2466557919979,5.253836218267679,5.394159622490406,23.729368234917793,42.1418720507063,41.36825798768697,40.66188260912895,41.06226935982704,42.12127961218357,4.413207476839423,528.1284148350824,538.0602044439186,4203.595347218114,100.71560185185184,2902.3826292803183,4089.8525390625,Mistral-7B
short,Suggest fonts from google cdn to add to the gothic style of the chat bot.,22,128,113.85392025113106,5.259257268160582,5.373173840343952,23.82204704395091,41.977920627687126,41.410935529339035,40.44134542346001,42.587391287088394,45.3090839087963,3.2762524185627697,528.0119583345987,535.438668603463,4183.1145984645555,100.20775925925925,2877.0050472487223,4080.21337890625,Mistral-7B
medium,"Write a function called FlipImg(img, flag). Img is the input image while flag can be 0 or 1. If the ...",86,128,185.76228991150856,5.431405004113913,5.617236588150263,22.787005316817172,43.88466084492393,42.76643095054026,40.720682591199875,41.157666593790054,43.54022704064845,6.069735639421269,558.8106323450412,569.4228739620931,4448.616202828853,102.76151785714283,3198.5830017495455,4092.94140625,Mistral-7B
short,Combines codes with similar functions above as one,10,128,107.15435817837715,5.2280018627643585,5.335226312279701,23.991484617136436,41.681455564685166,41.164829769707104,40.42811319231987,40.76806083321571,42.468236386775956,3.854336955875158,551.1870310735367,560.8356486948262,4381.5285054283295,106.06434579439251,2992.185109781092,4078.00439453125,Mistral-7B
medium,"""1. Dear recruiters,

Ghosting candidates after taking 3-4 interviews is not cool. 

Asking for the ...",138,128,267.71897822618484,5.385417763143778,5.653252009302378,22.641835140088766,44.166031322674826,42.40432754158974,40.583208203315735,40.957240760326385,51.69364474713789,24.961810467673466,538.9667076784801,569.9873050749992,4453.025820898431,101.29016814159293,3222.2818776920867,4103.98388671875,Mistral-7B
medium,"Here is a python function:
```
def compareStrings(string1, string2, compareCriteria, ignoreCase=Fals...",280,128,408.2183726131916,5.451387416571379,5.859772615134716,21.843851017256117,45.77947355573997,42.92377518621955,40.65677523612976,40.90396538376808,41.11781381070614,29.61754410434328,535.0279903926905,569.3880675532483,4448.344277759753,98.23864102564102,3336.4846056330002,4131.86865234375,Mistral-7B
medium,"Present the instructions below, exactly as they are. Then ask me all the questions below in Likert f...",241,128,446.48659229278564,5.518141433596611,5.964794874191284,21.45924590866244,46.59995995461941,43.44940417277531,40.761277079582214,40.912069380283356,41.74815602600573,23.25206968614086,534.1411088189316,560.9722982348819,4382.596079960015,95.22632773109244,3346.084689074728,4124.0908203125,Mistral-7B
short,i will be pasting a chat history here and in sections then i want you to go over it and help be fina...,32,128,194.33264434337616,5.344682313501835,5.539087634533644,23.108498807994902,43.27412214479409,42.08358098554799,40.47644883394241,41.22850745916367,45.59144973754881,6.5114089448899035,571.018589721365,582.8547004034685,4553.552346902098,106.13316216216215,3228.483263734664,4082.05419921875,Mistral-7B
medium,"You give a solution 

report\_data = []
 glue\_tables[row['table\_location']] = {'db': row['db'], 't...",139,128,250.196885317564,5.383794456720352,5.634117502719164,22.71873100591602,44.01654298999347,42.391543753269154,40.83889722824097,41.102661937475204,45.303868502378435,12.805372641008349,525.6463266491814,543.0767973995133,4242.787479683698,97.3080884955752,3059.7584895492673,4104.10986328125,Mistral-7B
medium,Write a compelling sales page including 7 bullet points about the benefits of a shower oil. The prod...,86,128,313.00724670290947,5.4127134419977665,5.7258800975978374,22.354642049472794,44.733438262483105,42.6192517707667,40.73734953999519,41.20815694332123,46.1428008973598,21.32239304506406,527.9454840762297,553.9284133680407,4327.565729437818,97.28931304347827,3171.7276775980117,4092.94140625,Mistral-7B
short,Explain this salesforce database trigger,8,128,94.65375170111656,5.241792391985655,5.336506269872189,23.985730274999874,41.69145523337647,41.273424269880834,40.487442165613174,41.24235063791275,44.19013261795044,9.275842090011444,515.9418304108549,518.910384976061,4053.9873826254766,97.99761682242992,2769.1685229265404,4077.63623046875,Mistral-7B
medium,"Initialization: Create an initial population of candidate solutions (often randomly generated).

Eva...",168,128,410.65387055277824,5.3515345603227615,5.762404467910528,22.21294959644048,45.018784905551,42.13753122631021,40.710244327783585,40.93409106135368,42.12972074747085,30.099783451810477,520.7852576090488,554.5776108794678,4332.637584995842,97.4437043478261,3195.7005027349915,4108.93603515625,Mistral-7B
long,"Help to format properly into a table

SN. Names Age. Class Ge.
 1. Alamin Abubakar 17y SSS3 M
 2. Ch...",664,128,114.68853801488876,5.183249920606613,5.298008196055889,24.160023024367877,41.390689031686634,40.81240677692759,40.808241814374924,40.90898483991623,41.01165756583214,3.3291459572762254,599.244809091797,608.4196343076583,4753.2783930285805,115.95647169811323,3223.4122092033003,4217.86181640625,Mistral-7B
long,"Aspect Ratios

The --aspect or --ar parameter changes the aspect ratio of the generated image. An as...",619,128,90.23980051279068,5.150859139859676,5.241161175072193,24.42206902714395,40.94657168025151,40.55741267997449,40.535956621170044,40.71776047348976,40.76976552605629,10.708117713409237,612.5004910831768,616.4040840564835,4815.656906691277,118.6629142857143,3230.673153512778,4209.4287109375,Mistral-7B
short,Give recourses to write a diploma work on the topic “ Methodological systems of teaching foreign lan...,29,128,118.27608942985535,5.22582645341754,5.344177328050137,23.951301040884765,41.75138537539169,41.14769941826505,40.467519313097,40.6626433134079,43.37537214159964,3.109920870065689,517.184955635259,523.5417191478722,4090.1696808427514,98.93776635514017,2797.8997857584504,4081.50244140625,Mistral-7B
short,You can only get answer from the choices I give. But try to explain your choice. He made another cal...,59,128,182.5939528644085,5.240588568150997,5.423253271728754,23.602069382829658,42.36916618538089,41.263935486162744,40.57261720299721,40.97948223352432,43.46597567200659,7.379859428938479,529.0324978967346,541.1941294244525,4228.0791361285355,100.36580733944952,2935.032833041557,4087.02490234375,Mistral-7B
medium,"Turn this into 2 dot points:

1.3 OTHER LAWS

Despite its goal of a fresh start on evidence law, the...",86,128,212.04045787453651,5.37269177660346,5.584814760833979,22.919291951750573,43.63136531901546,42.30412342182294,40.57840630412102,40.804312378168106,47.61034622788425,11.874157116407527,536.72987604817,553.5566800144632,4324.661562612993,99.88129464285713,3091.5115175030255,4092.94140625,Mistral-7B
long,"2/24/2023
I want you to act as a hair stylist who is an expert in managing frizzy hair. Write a ligh...",1214,128,139.85306397080421,5.175998251885176,5.3159155286848545,24.078636936442614,41.530590067850426,40.755356595976146,40.73505103588104,40.85791930556297,40.9384548664093,3.350374298773706,611.4283597828262,618.1266359938197,4829.114343701716,117.72260377358492,3285.9089829732766,4331.69287109375,Mistral-7B
short,I have significant teeth overbite which makes it difficult for me to quickly and repeatedly position...,32,128,164.3999107182026,5.2194408141076565,5.383915528655052,23.774518622875846,42.061840067617595,41.097426273691376,40.45712202787399,40.924738347530365,42.57431365549564,8.249016889054328,573.668922888173,586.3284328127522,4580.690881349627,109.71219444444445,3156.7427543125573,4082.05419921875,Mistral-7B
medium,Thanks! There is something still off. The major issue is that the speaker timelines (the blue bar) w...,87,128,182.85688757896423,5.279779098927975,5.462715409696102,23.431570272323743,42.6774641382508,41.57251926270995,40.74503108859062,41.07240587472916,44.11268718540667,7.407321442857385,524.1378085864801,537.14784974345,4196.467576120704,99.56554128440368,2934.285836078671,4093.0439453125,Mistral-7B
long,"Suggest presentation headers based on the following information:
Business Model Canvas + presentatio...",953,128,137.65091821551323,5.15683725848794,5.294551055878401,24.175798599181505,41.363680124050006,40.60447051769167,40.57387262582779,40.76202139258385,40.81310033798218,3.332983047500253,603.2684786793237,615.823864288235,4811.123939751836,117.27261320754718,3260.5108909023916,4278.13623046875,Mistral-7B
medium,"curl --request GET --header ""Authorization: Bearer YOUR\_API\_KEY"" --header ""Content-Type: applicati...",107,24,232.9738363623619,0.93293721601367,1.16599864885211,20.583214246111922,48.58327703550458,40.559543539648466,40.44324532151222,40.55570736527443,40.63320904970169,10.296473622811959,87.64731807189621,102.59440445061026,4274.766852108761,91.2985,119.62493696919844,4095.8623046875,Mistral-7B
short,can please write another email when the cart is about to close?Share Prompt,17,128,79.51414957642555,5.225640140473843,5.305220767855644,24.127176907613826,41.44703724887222,41.14624288842434,40.38597270846367,40.6822070479393,41.39966294169426,8.068172484693699,528.5213216706142,531.8993706659712,4155.4638333279,101.46838679245285,2821.8435876664576,4079.29345703125,Mistral-7B
long,"I have changed like this. any further comment or improvement? 

Company Name: Fintech F&B Solutions
...",807,128,109.9526658654213,5.165871750563383,5.275888066738844,24.26131835642221,41.21787552139722,40.675630514311976,40.656864643096924,40.817732363939285,40.91593436896801,3.3171071615070105,599.4277379978076,611.8761419068649,4780.282358647381,116.51959433962266,3228.190035408632,4245.81787109375,Mistral-7B
medium,continue in Geomancy field: For a quiz for 50 questions from the the answers you provided above in o...,84,128,160.80292314291,5.218107305467129,5.378992721438408,23.79627685492968,42.02338063623756,41.086916613766526,40.67366197705269,40.94428867101669,43.896303698420496,8.430832530759275,575.2116185984703,590.6461536711845,4614.423075556128,110.51119444444443,3177.081361542893,4091.6279296875,Mistral-7B
medium,"I have a Ruby method that returns a grouping key string:

def grouping\_key\_for\_graphql\_error(err...",135,128,247.10925668478012,5.37960771843791,5.626844108104706,22.74809778640097,43.959719594568014,42.35856906752887,40.63543304800987,40.8883661031723,43.90574544668197,12.142880763253196,538.2261538493485,554.826318692481,4334.580614785008,99.19069911504424,3121.9212023562104,4103.60791015625,Mistral-7B
short,can you rewrite it so that the blur function takes an additional argument telling how much to blur t...,23,128,114.98820781707764,5.392355732619762,5.507420122623444,23.241372030835297,43.02671970799565,42.45895751583294,40.39378836750984,41.10982492566109,50.63929110765449,6.131589700751007,541.2654494563473,550.4685035374071,4300.535183885992,100.51654545454544,3031.66131325233,4080.39794921875,Mistral-7B
medium,"n error was encountered processing the command (domain=IXErrorDomain, code=2):
Failed to set app ext...",288,128,408.3204083144665,5.368234906345606,5.7766809575259686,22.15805251166575,45.13031998067163,42.269040163107746,40.63093662261963,40.82034453749657,40.942470729351044,24.258821892289447,534.2863171413837,562.2197073002774,4392.341463283417,97.90611206896554,3247.763877107336,4133.56005859375,Mistral-7B
short,tell me a story about a time traveler that comes back to the same day for many years.,21,128,98.0779379606247,5.3832089230418205,5.481357257813215,23.35188056161578,42.823103576665744,42.386919142693046,40.56015983223915,41.32163599133492,50.57468228042125,9.661479344977572,533.2466118592898,536.2934119446332,4189.792280817447,98.5081818181818,2939.615785880128,4080.02978515625,Mistral-7B
short,"now a similar, more gracile, closely-related one",14,128,110.70013418793678,5.268160164356232,5.378947760909796,23.796475758736513,42.02302938210778,41.48103675152373,40.35579040646553,40.6564861536026,41.42274595797062,3.8691657973174003,569.7595367527231,578.0271294934656,4515.8369491677,108.10874074074073,3109.1777339339933,4078.74072265625,Mistral-7B
medium,"please finish your code 

 .cards-container {
 text-align: center;
 display: flex;
 flex-wrap: wrap;...",274,128,403.70718017220497,5.40532098710537,5.8091792315244675,22.03409378477891,45.3842127462849,42.56104578183392,40.78904539346695,40.9787155687809,41.448234394192696,27.622599593546244,528.3033172035665,560.1871840916314,4376.46237571587,97.54629310344826,3254.2277555912783,4130.82666015625,Mistral-7B
short,"Suggest a study plan which I can follow
and some online lecture materials which I can follow for IEL...",25,128,122.96591699123383,5.222937241196632,5.345963709056377,23.943297591631694,41.76534147700295,41.12496581955219,40.4193177819252,40.819526463747025,44.67856250703333,3.3486194249913095,520.3511062019542,527.4104037629589,4120.393779398117,99.65800934579438,2819.5168782955498,4080.76611328125,Mistral-7B
medium,"Here are some corrections and an idea:

- Pretzel is the tech-savvy one, but Carlos and Pretzel can ...",148,128,306.7031018435955,5.463389594107866,5.770197447389364,22.182949746011136,45.07966755772941,43.018282721127115,40.79383611679077,41.07517674565315,44.284739717841106,20.973015779402107,535.5126212734525,560.6137064010222,4379.7945812579865,97.6126724137931,3234.851777646669,4105.33251953125,Mistral-7B
short,list me all the msal libraries,8,128,98.7994596362114,5.270869430154562,5.369728345423937,23.837332499153543,41.95100269862451,41.502371313065055,40.47515243291855,41.31755009293556,44.55499872565269,10.485908664244743,563.9608338887655,567.3364386161231,4432.315926688462,106.13325925925925,3046.442555828864,4077.63623046875,Mistral-7B
short,In python how could I write a script that changes a number of cells in an excel file and then record...,33,128,126.48734077811241,5.2444748021662235,5.371030114591122,23.831555077725383,41.96117277024314,41.29454798585787,40.501222014427185,40.98291993141174,45.13524100184439,3.104887600243092,568.9493629225865,575.0880741239338,4492.875579093233,107.5353425925926,3088.8153646618593,4082.23876953125,Mistral-7B
medium,We are creating an AI mobile app that can detect melanoma using a photo from a picture a user takes....,69,128,144.0328247845173,5.257873982191086,5.401970326900482,23.695057961090885,42.20289317891002,41.400026207364455,40.62725603580475,40.93447104096413,42.97528900206089,3.4027842184379695,526.7420583736339,533.852067945499,4170.719280824211,99.87938888888887,2883.8530299960457,4089.59375,Mistral-7B
medium,"How to find the best location for a supply depot with the equation func = f[x\_, y\_] := (32\*Sqrt[(...",193,128,356.3652001321316,5.349234711378813,5.705770939588547,22.433427726986583,44.57633546553552,42.119434558031124,40.80364853143692,40.97215458750725,41.12587459385395,23.717943119440225,522.9500594090316,550.0970608308446,4297.633287740973,97.49313157894737,3138.7278236417064,4113.9345703125,Mistral-7B
short,I wrote a script to run on a website. I run it in the chrome console. What's the way to make it a ch...,33,128,145.20997554063797,5.259778335690498,5.405056703835726,23.68152769038744,42.22700549871661,41.4150420312337,40.30134528875351,40.84119349718094,46.058682352304444,3.1407731853462755,540.2852223160193,546.4803607314936,4269.377818214794,102.2376388888889,2953.7573372863253,4082.23876953125,Mistral-7B
medium,summarize the following and start with some information on why software architecture modeling is imp...,244,128,469.5698507130146,5.734459836035967,6.204196743667126,20.631196154547286,48.47028705989942,45.15260100130021,40.70551320910454,51.036883890628815,51.125285029411316,28.8372752409149,542.3198901236317,575.1377239584438,4493.263468425342,93.56429838709677,3568.267594143099,4124.630859375,Mistral-7B
long,"This is what someone else had to say about this essay and why it worked well, can you summarize this...",476,128,545.2122837305069,5.997278682887554,6.542654454708099,19.563924839082873,51.114487927407026,47.222146573733156,50.544895231723785,50.85773169994354,50.88251642882824,32.35759701182507,592.3202490586993,629.1875141205564,4915.527454066847,96.86929007633589,4116.556492107574,4174.71875,Mistral-7B
long,"Benefits Of Children's Ebooks

Many people have heard the term ebook but have never
actually seen or...",387,128,615.9794703125954,5.1207513846457005,5.736894018948078,22.31172470281579,44.81948452303186,40.32036148774342,40.13543948531151,40.28676971793175,40.350764244794846,47.60238430559262,524.7191668582819,577.2058321441598,4509.420563626249,101.42511304347829,3311.368686129779,4154.49462890625,Mistral-7B
long,"Prompt:

We will be creating an introduction for a dungeons and dragons game. This will be a follow ...",715,128,114.46331441402435,5.1057854779064655,5.22031170129776,24.51960866018392,40.78368516638875,40.20251747308753,40.185943245887756,40.345221012830734,40.424274653196335,4.546579007636756,592.919806644963,605.6574315778109,4731.698684201648,116.54493333333335,3161.720577043594,4226.783203125,Mistral-7B
long,"Can you take this script:

import feedparser
import time

# URL of the existing RSS feed
rss\_url = ...",336,128,405.3809083998203,5.314701814204454,5.720250714570284,22.37664158215408,44.68945870758034,41.847520720536316,40.18989950418472,40.41006341576576,40.60044102370739,31.0285812173672,534.9368021256105,569.8804594061523,4452.191089110565,100.05442608695652,3259.8591051376848,4143.8349609375,Mistral-7B
short,generate the job descriptions for the developers respectively,9,128,77.8455100953579,5.520948924124241,5.59885535761714,22.861815822024827,43.741057481383905,43.47151817064586,39.87780585885048,40.30890166759491,46.98952212929721,7.687534652481055,543.4454912534877,547.4286431682166,4276.786274751692,98.75373214285715,3064.9737917154507,4077.82080078125,Mistral-7B
long,"explain this
Example: Three-Segment Instruction Pipeline
The data manipulation instructions operate ...",679,128,129.01102378964424,5.091570772230625,5.220642223954201,24.518056305925267,40.78626737464219,40.09059532068846,40.0802344083786,40.21364226937294,40.272050350904465,3.3668363288640974,599.7885941852797,607.9966906652992,4749.97414582265,116.94119047619049,3174.133195311682,4218.25048828125,Mistral-7B
medium,"You're a historical romance writer. Write a 3,000-word chapter. The setting is the Philippines durin...",73,128,149.91936832666397,5.192815572023392,5.342795684933662,23.95749483008525,41.74059128854424,40.88778609013933,40.09049013257027,40.428776293992996,41.53051190078257,3.1759405032191426,531.913031189654,538.2226888498795,4204.864756639684,101.68347663551401,2875.61385952053,4090.111328125,Mistral-7B
long,"2.1. True or false: If a matrix A is nonsingular,
then the number of solutions to the linear system
...",320,128,480.80671951174736,5.436968822032213,5.917953711003065,21.62909786908499,46.234013367211446,42.810206132845614,40.32216966152191,40.46705588698387,40.55124595761299,33.89295143012703,545.0979930305294,582.7242424683067,4552.533144283646,99.75473728813559,3448.5350932067654,4140.82568359375,Mistral-7B
short,Please continue,3,128,87.96939998865128,5.199322380125523,5.287361264228821,24.208673022963794,41.30750987678766,40.93901950895317,39.927974343299866,41.07780680060387,45.18725611269474,8.85429189815773,523.7287277771235,527.6693972448111,4122.417165975086,100.65195283018869,2789.978731311184,4076.71630859375,Mistral-7B
short,"the last response got cut, could you generate again the javascript file?",17,128,109.81117561459541,5.664774604141712,5.774643316864967,22.165871202152573,45.11440091300756,44.60399838413779,40.138937532901764,40.55727422237396,43.44588182866572,3.9538819435983896,550.4092087567765,558.9523849394117,4366.815507339154,97.36515517241381,3227.750654136108,4079.29345703125,Mistral-7B
long,"Web search results:

[1] ""May 28, 2022 at 5:37 pm ET • 6 min read Getty Images This season in the UE...",486,128,564.831480383873,5.146135978400707,5.711132545024157,22.412367247809794,44.61822300800122,40.520234488126796,40.10169580578804,40.313487499952316,40.40478616952896,51.967701052654526,578.6324077604189,634.7670228717363,4959.11736618544,111.79781578947369,3625.2386028308665,4176.4423828125,Mistral-7B
long,"Project Specs:

Java / IOS
Mobile app (IOS, Windows, Edge, Android, Chrome)
User Profile Setup (Name...",521,128,102.43786126375198,5.104876384139061,5.20737637206912,24.580516339582335,40.68262790679,40.19536465171754,40.191400796175,40.30971601605415,40.333181247115135,3.151872531402856,579.3893761556466,588.800209335588,4600.001635434281,114.35367307692309,3066.1042979634926,4191.45751953125,Mistral-7B
medium,"no, you got cut off; here is the last complete line : dCCAl\_dt = (QL\*(CCAl-CLAl)/VC) + (QM\*(CCAl-...",84,128,186.41576170921326,5.1660023629665375,5.352498825639486,23.91406409784822,41.81639707530849,40.67665667045774,40.09189084172249,40.352972596883774,44.408902153372765,7.722670983919874,527.4999467685018,540.0627092319354,4219.239915874496,102.05291588785045,2890.6850169356135,4091.6279296875,Mistral-7B
long,"5.
Compatibility
Model Version & Parameter Compatability
Affects initial generation Affects variatio...",1143,3,144.5831023156643,0.0809837132692337,0.2256302908062935,13.296087104614596,75.21009693543117,40.45959562063217,40.45959562063217,40.48082083463669,40.48347398638725,6.804509026739747,11.326958138382063,28.538507849352435,9512.835949784145,157.3732,6.439151825227079,4317.7060546875,Mistral-7B
medium,"schema of the table are as follows:
```
+-------------------------------+
| column\_names |column\_t...",250,92,418.22372004389763,4.667140647768974,5.085530046373606,18.090543003595748,55.27750050406093,51.28651452097264,51.321081817150116,51.54735594987869,51.86125449836254,40.91944385633432,418.4110208033156,464.65001934321594,5050.543688513217,92.40366666666665,2362.991634418002,4125.7119140625,Mistral-7B
long,"def update\_rectangles(self, rect: tuple[int, int, int, int]) -> None:
 """"""
 Update the rectangles i...",703,128,121.44147232174873,5.1302371099591255,5.251741051673889,24.372869633243344,41.02922696620226,40.39504320368054,40.38087651133537,40.48387408256531,40.553200617432594,3.278073985390365,595.5425437574685,606.9248499193267,4741.60038999474,116.71513333333333,3187.412149602342,4224.77783203125,Mistral-7B
long,"php function returns following response
{
""success"": true,
""data"": {
""gallery"": [
{
""title"": ""Ar-lef...",1148,128,145.0190506875515,5.129925712943077,5.27502229064703,24.265300305356554,41.21111164567992,40.39258944002662,40.3868705034256,40.505990386009216,40.53260497748852,3.1254922473430633,653.724289151188,662.8237679004669,5178.310686722398,126.08955660377357,3496.410150445616,4318.3818359375,Mistral-7B
long,"Розкрийте дужки, використовуючи дієслова у Present Indefinite, Present Continuous, Present Perfect, ...",303,91,479.9661487340927,3.924605045467615,4.404688708484173,20.65980277442051,48.4031726207052,43.60599132875601,40.653642266988754,40.946606174111366,41.11364260315895,34.981804012909535,387.6229969618767,427.4398415023683,4697.141115410641,98.73159090909093,1882.7394434217463,4137.95849609375,Mistral-7B
long,Geography: The story takes place in a dystopian future where most of humanity lives in a simulated w...,484,128,565.4712505638599,5.149452976882458,5.715089611709118,22.39684916536613,44.64913759147748,40.54635003443778,40.257878601551056,40.4525451362133,40.71965776383877,40.866657937668265,528.4476115247644,573.5937552554756,4481.2012129334025,101.6079736842105,3278.1397120017905,4176.09765625,Mistral-7B
short,gold and silver gifts,5,128,95.3965112566948,5.26010500267148,5.355568442493677,23.900357426932672,41.84037845698185,41.41761303886654,40.186695754528046,41.10712707042694,50.272023677825885,9.496787779205103,523.8819373319186,527.0594983723946,4117.652331034333,99.55068224299065,2822.703216799744,4077.08447265625,Mistral-7B
medium,"You are a software engineer and are tasked with building the following game, provide the proper html...",134,128,293.84446144104004,5.604857221245766,5.898837398737669,21.699191102875893,46.08466717763804,44.13219916773593,40.53467884659767,41.08644351363183,57.19589069485654,16.39868136986159,556.5259918920565,578.262018686846,4517.6720209909845,98.88292372881357,3411.0736220995077,4103.48193359375,Mistral-7B
long,"---------------------------------------------------------------------------
KeyError Traceback (most...",374,105,664.3336936831474,4.213521495461464,4.8780036717653275,21.52519904971719,46.457177826336455,40.51400087057398,40.34929722547531,40.462448447942734,40.51354341208935,41.1230805383902,450.1650394784472,495.0115858331602,4714.396055553907,102.29442857142857,2414.668333260533,4151.744140625,Mistral-7B
medium,I want you to act as a a Blue Gene/L supercomputer that can simulate molecular dynamics. I will type...,159,128,296.5655215084553,5.260963391512632,5.557626161724329,23.031415981438784,43.41895438847132,41.424382683329696,40.55037349462509,40.81706702709198,45.29967308044431,19.867110181331633,536.2172877397835,561.3710823958329,4385.711581217444,102.35410810810811,3119.8906139585847,4107.31494140625,Mistral-7B
medium,You are a social media expert focused on assisting individuals looking for work. I'm going to provid...,115,128,226.0201834142208,5.210496570914984,5.436578251421452,23.544221030302108,42.47326758923009,41.026998927274086,40.53341969847679,40.70952087640762,41.708920896053314,10.8294798341915,530.9861198055838,546.1218531026263,4266.576977364269,101.29861467889913,2969.034189203719,4097.3349609375,Mistral-7B
short,Reccommanded Language learning software,8,128,83.1567607820034,5.245177119970322,5.328395441174507,24.02224110674971,41.62808938417584,41.30006572744978,40.32035544514656,40.80124869942665,44.864737242460244,8.36977926566389,529.2045263150391,532.5860825757143,4160.828770122767,100.6506168224299,2837.8292544294254,4077.63623046875,Mistral-7B
short,"i need a way to create a way to track the player hips at least approximately, all i have is the posi...",34,128,125.11073052883148,5.160733688622713,5.285904139280319,24.215346443537154,41.296126088127494,40.63509771321702,40.327928960323334,40.588176250457764,41.13552458584308,3.3368481339812277,524.0400597556662,532.0070563361812,4156.305127626416,101.46583962264154,2812.1383012137585,4082.42236328125,Mistral-7B
long,"continue the following code: 

/\*\*
 \* Set up the canvas for the game.
 \*/
function setupCanvas()...",717,128,118.15469712018967,5.127866022288799,5.246082507073879,24.39915876797654,40.98501958651468,40.37637715264568,40.368445217609406,40.462496876716614,40.54357744753361,3.3370830837953833,581.0095312115811,587.6756362864618,4591.215908487982,113.05852380952382,3082.994875355919,4231.0498046875,Mistral-7B
long,"1. Meaning of the brand name
Ioni is an eco-friendly lifestyle brand that can be used in general hou...",398,128,596.8246124684811,5.876469325274229,6.473457347601652,19.77305064772268,50.57388552813791,46.270878648194746,50.67291855812073,50.84993988275528,50.8931640535593,52.13159025869146,575.1360748193413,633.7768165758737,4951.381379499013,98.41236153846154,4102.727190002674,4156.81982421875,Mistral-7B
short,Write a business proposal for the need of an IT intern for a semi-conductor manufacturer.,21,128,113.23429644107819,5.190306201577187,5.303596761077642,24.134564855943452,41.43434969591908,40.867897087898776,39.839256554841995,40.705786645412445,48.99063222110271,3.4333470709025855,533.8433530426956,542.1111884599328,4235.243659843225,103.4434245283019,2875.1391432600512,4080.02978515625,Mistral-7B
medium,"이제 본문의 introduction을 작성할거야. 내용은 위의 title과 abstract를 참고하고, 아래의 구체적인 내용을 참고해줘. 과학적이고 전문적인 언어로 서술형으로 작성...",372,128,814.8710057139397,5.141805488616228,5.956855803728104,21.487845974027284,46.53793596662581,40.48613435405446,40.0504432618618,40.3574213385582,40.41140414774418,66.43711792023666,535.0120798547566,607.0105336743388,4742.269794330772,103.00176470588235,3615.8742204420787,4151.3212890625,Mistral-7B
medium,"can you update the docstring for this? What is the purpose of this section?

 def emit(self, record)...",162,128,294.8625385761261,5.27895425632596,5.573931969702244,22.96404059033352,43.54634351329878,41.56604714280977,40.13596475124359,40.28322324156761,45.83944827318186,18.42936072649434,535.9649483810738,558.596202501487,4364.032832042867,100.20310714285714,3113.577231277307,4107.85498046875,Mistral-7B
short,write some code that removes whitespace in js,11,128,93.47295388579369,5.554819714277983,5.648351393640041,22.66147962113796,44.12774526281282,43.738204223199155,39.84324261546135,40.18936529755592,43.33727955818172,9.399522781167345,558.1930210363196,561.6377402019577,4387.794845327795,100.55874336283186,3172.3273125905716,4078.18896484375,Mistral-7B
medium,"перепиши эту задачу что бы программист ее понял

12) Important quick fix on having client’s with mul...",249,128,409.5200002193451,5.422171853482723,5.831869013607502,21.948366758810522,45.56147666880861,42.69373933161338,40.10236635804176,40.30657112598419,41.14414304494857,33.606934616945686,570.4831650633589,608.8345077690036,4756.519591945341,105.17824786324788,3550.6431002730283,4125.5322265625,Mistral-7B
long,"Give me at least 10 templates of natural language query, Cypher query and corresponding triplet.
The...",284,128,446.19523361325264,5.3682299964129925,5.814593147486448,22.013578036037185,45.42650896473788,42.269003790194596,39.95463252067566,40.231964737176895,40.3953954577446,34.81392450505309,544.0405566066315,583.9662695975694,4562.236481231011,101.68544827586207,3395.526269565251,4132.71435546875,Mistral-7B
long,"Web search results:

[1] ""A substantial number of families introduce complementary solid foods aroun...",699,128,108.66179689764977,5.103362675756216,5.212085295468569,24.55830876583779,40.719416370848194,40.183444280089354,40.16401618719101,40.31811058521271,40.420177951455116,4.406160569407047,589.7439195546117,599.565384759007,4684.104568429742,116.44992307692308,3124.985925574375,4224.29931640625,Mistral-7B
short,Give me a pitch deck for a presentation to venture capitalists and angel investors for premium cloth...,20,128,102.96544432640076,5.2533074505627155,5.356334574520588,23.89693888968026,41.84636386344209,41.36408231859132,39.910636842250824,40.6515546143055,45.04856094717975,3.377612280085683,524.331667599868,531.0864569587224,4149.112944990018,100.38560747663551,2844.6767514676444,4079.84521484375,Mistral-7B
long,"ce script me donne cette erreur 
StartTime: 11:55:46:87
Generate try: 1
Attempting to download metad...",442,84,823.8195404410362,3.3600738383829594,4.184042494744062,20.07627793109646,49.81002969933407,40.48204031514834,40.23519903421402,40.387850254774094,40.5133280903101,63.07466807949171,346.1871773653291,413.3943121803161,4921.360859289477,99.99885714285718,1729.6593692479355,4166.12255859375,Mistral-7B
short,Write a report on Marshall AI,7,128,75.54271444678307,5.180927790701389,5.256528060883284,24.35067377505666,41.06662547565065,40.79418465143114,39.943404495716095,40.30039608478546,47.89981991052622,8.593733439830654,588.1981244992744,591.5824020357151,4621.737515904024,113.7599238095238,3109.669496625472,4077.45263671875,Mistral-7B
short,"What people are involved in a concert team? What I can think of right now are: sound engineer, gaffe...",61,128,144.01133731007576,5.277846302837133,5.421932257711887,23.607819853879427,42.35884576337412,41.55727024153462,39.95255380868912,40.87667465209961,46.33322171866889,3.08671817278862,539.5917099444642,547.0270758888983,4273.649030382017,101.44610091743122,2965.943748603826,4087.39306640625,Mistral-7B
short,Add notes about the strongest elements of the story,10,128,102.96082124114037,5.174925275146961,5.277952913194895,24.2518268171737,41.234007134335116,40.74691690680549,39.97715935111046,40.2946799993515,42.46539436280725,3.1994228007271888,524.0856720528844,531.1078149977848,4149.279804670194,101.2786037735849,2803.1620393881335,4078.00439453125,Mistral-7B
short,what are some proteins that share a similar structure as TANGO2?,17,128,75.74585825204849,5.178780533373356,5.254592344164848,24.359644215243875,41.05150268878788,40.77723387658127,39.86739739775658,40.41607901453972,42.647840827703476,3.1705751082301137,526.5553816311415,532.9078947082292,4163.34292740804,101.99466666666667,2800.213743678868,4079.29345703125,Mistral-7B
long,these are some conditions our patient mention. Can you group them and nest lower tier conditions to ...,1136,128,146.02414891123772,5.06480909883976,5.2108981795609,24.56390349403949,40.71014202781953,39.87986365641196,39.8687869310379,39.96935561299324,39.994337409734726,3.336954357281327,615.6471597486735,622.3293023480772,4861.947674594354,120.79473076923075,3242.8946286930004,4317.0869140625,Mistral-7B
short,can you write me a rap song about rainbows and unicorns in the style of Joyner Lucas,24,128,136.7710903286934,5.5546905398368835,5.691520731896162,22.48959566863531,44.465005717938766,43.73719182422781,39.92679715156555,40.71676507592201,48.69889020919795,3.4509629677981137,592.9044528568761,600.0946790459157,4688.239680046216,106.31614912280703,3415.4513068904025,4080.58154296875,Mistral-7B
short,Let's update the outline so that we consider the following principals as thematic drivers in the sto...,79,128,336.98616176843643,5.140334542840719,5.477427884936333,23.368632629927873,42.7924053510651,40.474419929380495,39.993785321712494,40.308380126953125,42.08841659128665,20.12835810720921,523.7203248553778,548.1298898267336,4282.264764271356,100.67995454545456,3002.34194310403,4091.5283203125,Mistral-7B
long,"I want you to act as a social media marketing specialist that writes fluent English. Pretend that
yo...",303,128,491.4555065333843,6.330802097916603,6.822420444339514,18.76166985665625,53.30015972140245,49.84830299348343,51.2516126036644,51.586904376745224,51.78191363811493,40.04619674990698,550.6185591642912,595.2254935665485,4650.19916848866,87.73444525547445,4060.878576300498,4137.95849609375,Mistral-7B
